message,label
³o¦Y¬Û¦³°÷Ãø¬Ý°Ê§@¤jµM«á¤S²Ê¾|,4
¼oª« Åý³o¨Ç´¼»Ù³£¤U¥h ­ìpo¥[ªo,0
³o¥DºÞÀY¸£¦³°ÝÃD¶Ü¡H ³o»ò©úÅã¹ï¤è¬O¬G·N¤F ¬°¤°»ò·|®`¨ì¥L¡H ¦³ÂI¸Ø±i­C ³øÄµ¬O©pªºÅv¯q¡AÀ³¸Ó¤£»Ý­n¼x¨D¨ä¥L¤H¦P·N,0
ÅÜºAµ¹§Ú¤U¥h¡I­ìpo¥[ªo¡I ¥DºÞ¤]¬O¸Ø±i^_^¤Ó·|·í¤F§a¡G¡^,8
«Ü¨è·N°Ú ½Ö¦¬ªF¦è·|¬G·N¦ù¨ì³Ì»·¦A¦¬¦^¨Ó ©ç¹q¼v³á ¤@©w­n§i,0
¶ýªº¦³°÷äú¤ß,0
¥i¥Hª½±µ¤WÃz®Æ¤½ªÀ,3
À°°ª½Õ¡I¯¸ªø¤£§@¬°·í¤°»ò¥DºÞ__,0
À°°ª½Õ ³s¦Û¤v­û¤u³£µLªk«OÅ@ ·í¤°»ò¥DºÞ¡I,0
À°°ª½Õ ¦³°÷§è,0
ª½±µ¤£°µ³s¦P©±®aÀËÁ| µM«á¤d¸U§O³Q¡]³o¦æ·~«Ü¤p¡^³o¥y°ä¤F §A¥u¬O¥´¤u¦Ó¤w ¨ä¥L¦æ·~¤]³£¯à°µ,3
©U§£³q³q¥h¦º ©ê©ê§A__,0
¦n§è,0
³oºØ¤H¥h¦º§a·F,0
§â¯¸ªø©Ô¤U¥h±´¿Ë¹Æ,8
½Ð¤@©w­n¸ò¤W¼hÁ¿¯¸ªøªº³B²z¤è¦¡ §Æ±æ¯¸ªøÅÜºA¨â­Ó³£¤U¥h = =,0
§A¨º®É­Ô¤@©w³QÀ~¶Ì¤F,1
§i¦º³o¤ý¤K,0
¯¸ªø®Ú¥»¤£¬O¤HÃþ§a À°°ª½Õ!!!,0
®ð¦º¨ì©³«ç»ò¦³¤H¥i¥H³o»òäú °e¥L¤U¥h¡I¡I¡I ­ìPo©ê©ê°Õ,0
¤ä«ù©p´£§i¡I¥[ªo¡I,5
©U§£ªü§B,0
³»,3
¬Ý°_¨Ó§¹¥þ¬O¬G·Nªº«Üäú¤ß!!! «Ü¤ß¯k§A¥²¶·©Ó¨ü³o¨Ç ¤ä«ù§A´£§i!,0
¯¸ªø·Q§â¨Æ±¡À£¤U¥h ¨º´NÅý¶m¥Á§â¥LÀ£¤U¥h§a,0
¤Ó´c¦H¡A¥[ªo,5
ªA°È·~«Ü¦h³o¼Ë°Ú¿ù³£¤£·|¬O«È¤Hªº¿ù¤@©w¬O§A¦³°ÝÃD,3
§i¦º¥L °¨ªº¹G,0
³oºØ¥DºÞÁÙ¦b¥Î¡H,0
À°°ª½Õ¡A­ìpo¥[ªo °OªÌ§Ö¨Ó§Û,5
­ìPO¥[ªo¡I¡I¡I¡I,5
À°°ª½Õ¡I¥[ªo¥[ªo©ê©ê©p__,5
³o¼v¤ùÃÒ¾Ú¤£¨¬§a,3
¨eªº¤â¬Ý°_¨Ó¦n¹³¤£Å¥¨Ï³ê,3
¥i¥HÀ°¨e§â¤â¨ï±¼§ï¸Ë¸qªÏ,0
À°°ª½Õ,5
³o¦Y¬Û¦³°÷Ãø¬Ý°Ê§@¤jµM«á¤S²Ê¾|,0
²Ä¤@¦¸´§¤â°Ê§@³o»ò¤j²Ä¤G¦¸ ©p®³µ¹¥L  ¥LÁÙ³o¼Ë¬G·N¤â¥h¸I,3
¶ýªº¦ºÅÜºA,0
ºN±o³o»ò©úÅã¤F ¤ä«ù´£§i ·F ©U§£¤H ©ê©ê­ìpo ¯uªº«Ü°IÕÙ¹J¨ì©U§£,0
¤@©w­n§i ¤£¯à­ì½Ì,0
©ç©ç¡I¸õ¥X¨Ó´N¹ï¤F°Õ,5
¯¸ªø³o¤°»òºA«× ¤ä«ù©p,5
¥[ªo¡I¤ä«ù©p¡A¬Ý¨ì¯¸ªøªººA«×¯uªº§Ö®ð¦º,0
·F³o¨ì©³¬O¤T¤p §Ö®ð¦º,0
³á¦n¥Í®ð «ç»ò¥i¥H³o¼Ë §A³QÄÌÂZÁÙ¤£·Q³B²z,0
¤ä«ù§A³øÄµ ¥DºÞ©U§£,0
¨¯­W§A¤F©Ó¨ü³o¨Ç__,2
¥[100 ¦³°e2²É¡H,3
¥DºÞ¦Û¤v¤k¨à³QºN¤]¥i¥H¶Ü¡H ¦³°÷¸Ø±i,7
¥[ªo¡I¡I¡I¡I¡I¡I¡I¡I§A¶W¯Å«i´±¡I¡I¡I¡I,5
¶ýªº³q³q¤U¥h,0
§A«Ü«i´± ÁÂÁÂ§Aªº«i´± ¨¯­W¤F,5
¨¯­W¤F §A«Ü«i´± ©ê©ê§A,5
©ç©ç ¥[ªo,5
¨¯­W§A¤F¡A§A«Ü«i´±¡I,5
¥[ªo_©p«Ü´Î¡AÀ°©p±À¤W¥h¡AªÀ·|­·®ðÁSÄê¡A¦h¼Æ¤H©È¨Æ©È±o¸o«È¤H©È³Q³ø´_±o¤ßºA¤~ÅýÃa¤H­¹Åèª¾¨ý¡C ©M®ð¥Í°]ªºÆ[©À¤]­n¾A®Éªº­×¥¿¤~¬O¡A¤µ¤Ñ­Y¬O§Úªº¿Ë¤Í¡B¤l¤k¤u§@ªº¦ÑÁó¸ò¥DºÞ¦³¯à¤O«OÅ@¦n­û¤u¤]¯àÅý¤H¤ñ¸û©ñ¤ß¡A¤£ºÞ¬O¦b©Û¶ÒÁÙ¬O¦b·~ÁZ¤è­±¡A§Ú¬O®ø¶OªÌ§Ú¤]Ä@·N¥h¤ñ¸û¸Û¹ê¤½¥¿ªº°Ó®a®ø¶O¡A³o­ÓªÀ·|»Ý­n¥¿¸q¡C,5
«ö¤F·|¦³§Úªº¥÷¶Ü ¨£ÃÑ¨ì¤°»ò¥sµµ¨ìµo¶Â¤F,3
«u§r_«ö¨ì·R¤ß¤F °e§A§a¡I,2
¦Y¦è´£¤£¦R°©ÀY,3
¥S§Ì¡I¥u¯àÀ°§A¨ì³o¸Ì¤F¡I -¶À©ü¥«³õ¤p¾|³D,5
¸ô¹L¬O³yºÖ¤]¬O³yÄ^,3
§Ú¤]­n¸ò§Ú¤]­n¦Y,3
10­Ó¤F«¢«¢,3
¬Ý¦b¦è´£ªº­±¤l¤W,3
§Ú¤]­n,3
¦³87¤H¦b¥Î,3
²½«~¤åÁÙ¦n¥u¦³½Ð¼Ó¥D«¢«¢«¢,2
½Ð§Ú­Ì¦Y¦è½{´Nª¾¹D­}¥d¦³¦h¤Ö¤H¦b¥Î¤F,3
¨ÓÀ°§A¤F,5
§Ú¤~·|¤£­nÅý§A¦Y¦è³ö,3
½ä§AªB¤Í»¡§¾¸Ü,3
§¹¥þ³QÄF¤F ³o¤£¬Ofb­þ¨ÓªºÆg°Ú ¥u¦³·R¤ß°Ú ¿ô¿ô§a¦Û¤v¥X¿ú¦Û¤v¦Y¤ñ¸û§Ö ,4
§Ú¤]·Q¦Y¦è´£,3
À°§A¤À¦è³ö,3
50_¡A20¯d¨¥ ¥i¥H¨£ªÌ¦³¥÷¶Ü_,3
10­ÓÆg §A¥­±`¬O¦hÃä½t.. ³£¤w¸g§Ö10­¿¤F ¬O¤£¬O¸Ó¤À¦n±dµ¹¤j®a¤F,3
111 ¤À§Ú§Aªº«n¥Ê¿@´ö´N¦n,3
§Ú¤]­n¦è³ö<3,3
......,3
¨º¤j®a§â·R¤ß¦¬¦^¨Ó¬Ý§A¯à¦Y¤°»ò,3
B26 ¦è²ï¶Ü¡H,3
¨£µÛ¦³¥÷,3
ÁöµM¦Y¤£¨ì_¦ýÁÙ¬Oµ¹§A¤@­Ó,5
À°¤@­Ó ¤°»ò®É­Ô¦Y¦è´£,5
670­Ó·R¤ß¬O¤£¬O­n½Ð67¦¸,3
¥S§Ì §Ú´NÀ°§AÀ°¨ì³o¤F ¥u­nªþ¤W·Ó¤ù´N¦n,5
À°§A«ö²Ä1000Æg,3
«ö,3
¬°¤F¦è³ö §ÚÀ°§A«ö¨â¦¸ ¤£¥Î«È®ð ,3
10­Ó¡H¡I ¤]¤Ó¤p¬Ý¤F§aXD ©Î³\¡A¥L¬O«Ü·Q¸ò§A¦@¶i±ßÀ\,3
À³¸Ó­n¤ý«~¤~¹ï,3
¼o¤å¼o¨ìÃz ¼Ó¥D¤@¥Í°µ¹Ú³£·|¯º,4
¥i¬O¥u¯à«ö ¤£¯à«ö,3
§Ú­n¨D¤£¦h¡A©Ù¯ù®³ÅK¥[¬Ã¯]´N¦n,3
³o®É­ÔÄéÃz¯d¨¥µM«á¥uµ¹¥L¤E­Ó·R¤ß,3
¨D¦è³ö,3
¬Ý³o­ÓÆg¼Æ §Ú¬Ý¥L­n½Ð§A¦Y´X¥÷¦è³ö,3
§Ú¤]«Ü¦n©_,3
«öªº¦³¦è³ö¦Y¶Ü§Ú«ö¤F¢°¢°¢°¦¸¡I,3
§Ú¤]­n¦Y¡I§¤µ¥¦è³ö¡]¬O__¥Î_¡H),3
³o®É­ÔÄéÃz¯d¨¥µM«á¥uµ¹¥L¤E­Ó·R¤ß,3
¨D¦è³ö,3
¬Ý³o­ÓÆg¼Æ §Ú¬Ý¥L­n½Ð§A¦Y´X¥÷¦è³ö,3
§Ú¤]«Ü¦n©_,3
«öªº¦³¦è³ö¦Y¶Ü§Ú«ö¤F¢°¢°¢°¦¸¡I,3
§Ú¤]­n¦Y¡I§¤µ¥¦è³ö¡]¬O__¥Î_¡H),3
¬Ý¦b¦è³öªº­±¤l¤W§ÚÀ°§A«ö¤F10¤U¤F,3
¦³¨S¦³¦Ò¼{¤§«á§â¦è³öªº¹Ï©ñ¤W¨Ó,3
10­ÓÆg....¤@¥÷,3
³o¦³38**­ÓÆg....,3
¤@¤Ñ¦Y¤@À\¥i¥H¦Y¤@¦~¦hÕÙ,3
3857,3
¨£ªÌ¦³¥÷~~,3
§O¶Ì¤F«Ä¤l¡A§AªB¤Í»¡¤Q­Ó¡uÆg¡v______³o¸Ì¤£¬OÁy®Ñ°Ú°Ú°Ú°Ú°Ú°Ú°Ú°Ú°Ú,3
¼o¤å,0
«öªÌ¦³¥÷,3
¶â...,3
·PÄ±­n5000¥÷¦è³ö¤~°÷³á,3
10­Ó¤ß´N¦è³ö¡A§AªB¤Í¤Ó¬Ý¤£°_§A°Õ¡I,3
¤£©È¡A¥S§Ì§Ú®¼§A,3
©Ò¥H«áÄò«¨??..,3
¥i¬O¡A¤£ºÞ§A±o¨ì´X­Ó¡A¦bDcard³£®³¤£¨ìÆg°Ú¡C,3
­nÆg½Ð¥hFB......,3
§¹¤F ¥Ã»·¨S¦³Æg,3
¥u¦³µL¤W­­ªº·R¤ß,3
¬Ý¦b¦è´£ªº¥÷¤W «ö¤F,3
§Ú¤]¥i¥H¦³¤@¥÷¶Ü__,3
¦è´£get,3
B23 Jailbroken iPhone?,3
«öªÌ¦³¥÷¶Ü¡H,3
©Ò¥H¬OÆgÁÙ¬O·R¤ß©O,3
6400Æg 640¦¸¦è´£¤F,3
¨f¥d¥u¦³·R¤ß¡A¨S¦³Æg¡C§A§¹¤F¡C,3
§A¥i¥H¦Y¤»¦Ê¦h¦¸¦è³ö¤F,3
¨C¤Ñ¦Y¤]¥i¥H«ùÄò¦Y­Ó¨â¦~­C,3
§A·|¦Y¨ìäú¤ß·Q¦R ,3
¨SÃö«Y§Ú¨ÓÀ°§A,5
1,3
°O±o¦è³ö©ç·Óªü,3
¶W¹L10­Ó¥[½X,3
§A¦³750­Ó¦è³ö¤F,3
­ì¨Ó¬O10­Ó·R¤ßªü§Ú¥H¬°¬OÆg,3
ªB¤Íªí¥Ü¡Gdcard¨S¦³Æg¥u¦³·R¤ß,3
­pµe³q,5
¤£«È®ð,3
¥i±¤¬O·R¤ß ¤£¬OÆg,3
¦³¦è´£¡I¡I,3
¥i¥Hºâ§Ú¤@¥÷¶Ü¡H,3
§A¥i¥H¦Y«Ü¦h¦¸¦è³ö¤F«¢«¢«¢,3
®¥³ß¦³830À\¦è³ö¤F,3
¨C¤Q­Ó¤@¥÷ªº¸Ü  ¦Y¤£§¹´«¤U¦¸¶Ü,3
10­Ó´N¦³¦è³ö­þ¦³¨º»ò¦nÁÈ,3
©Ò¥H²{¦b¦³800¥÷¶Ü,3
¨C10­Ó¤@«È¦è½{,3
§A¤¤­p¤F ³o¸Ì¥u¦³³ßÅw ¨S¦³Æg~,2
À°§A¸É­Ó~Æg~,2
¦Y900¦¸,3
¤@¥÷¦è´£¤À¦¨¤­¤d¥÷ ¦³«öÆg´N¦³¥÷,3
¦P®Õ±À¤@­Ó,3
§A¦³914¥÷¦è´£¤F,3
¦è³ö+1,3
«¢«¢¦P®Õ±À­Ó¡I,2
»²¤j¤ò_,3
§Ú¨Ó¤ä´©¤F,5
"Æg£¸¤j°ï,©pªB¤Íµ¥µÛ¯}²£XD",3
³o¦³´X¥÷¦è´£¤F,3
§Ú¤]¤£¤p¤ßªº«ö¤U¥h«¢«¢«¢,2
·Ç³Æ¦Y1000¦¸¦è´£§a,3
¯¬¥L²ü¥]©Ó¨ü±o¦í,3
§Ú¤]­n¦è³ö,3
¤Q­ÓÆg¤@¥÷¦è³ö§a,3
¦è´£¦è´£¦è´£¦è´£,3
±À¦P®Õ,5
¦è³ö¦è³ö+1+1,3
¨£ªÌ¦³¥÷  ¦è³ö+1,3
­è­è¤~1134²{¦b¤Q­¿¡H¡H¡I,3
¥~°eºX¬z°ª®ü¬ì¤j ¥|¯è¤G °O±o³á,3
²Ä1159¦¸¦è´£´«§Ú¦Y ±Æ¶¤¤¤,3
B0 ­ì¨Ó «¢«¢«¢ ³o¼Ë«Ü´Î­C~~~¤ß¸Ì¤p¼@³õ ¹³§Ú¦³®É­Ô·Q¨ì¤@¨Ç¦³½ìªº¨Æ±¡ ³£¨S¿ìªkµe¤U¨Ó__¦]¬°§Úµe«ÜÁàxD,2
¤]¤Ó¥i·R¨º­Ó¤ô»å,2
³o­Ó¤â..,3
..,3
..,3
§Ú¥i¥H(**),3
ªøªº¹³¤ë»æªº­»¨m ©Ò¥H­n¦Y­»¨m¡H¡H,3
¥Í®ð,0
¬Ý¦¨¥Ó¬î..,3
­ìpo¦n¥i·R,2
µ¹¦¬¶Ü,3
À­ªF¬ì§Þ¤j¾Ç ¼Æ¦ì´CÅé³]­p¨t,3
B2 ¨­¬°¥H«e¬O¥L­Ì¹Îªº¥X¹D¶º¬Ý¤F®tÂIÃz²\ ¦nÃh©ÀQAQ,1
§Ú·Q»¡¥Ó¬î¬OÔ£,3
b9  ¤â«üÅý§ÚÅÊ·R¤F°Õ_  ,2
B2 ¬OEXOÕÙ,3
·RÄR¦b¦¹,3
¸Ü»¡§Ú¤]¦³Áp·Q¨ì«¢«¢«¢«¢«¢,2
¬Ý¨ì¤ô»åÅý§Ú·Q¨ì¤ë¼b,3
¤ô»å¨º­Ó¤Ó¥i·R¤F§a«¢«¢«¢,2
¦n¦³¤~®@__,5
Áåª÷³N,3
¬À­},3
B2 ³o¹Ï¤ù¦³Án­µ,3
"careles ,careles~",3
B2 «¢«¢¦³¹³¦³¹³,2
°µ¦Û¤vªº­^¶¯,3
²Ä¤@±i¹Ï¤ù Åý§Ú·Q¨ì¤é¥»ªº°ª³t±C±C,3
B9 ¤â«ü«Ü¬ü,5
¯P¨àªº¦µ¨{¤W½u¤¤,3
B2 §ì¨ì¤@°¦·RÄR,3
§Ú­è­è¤@¬Ý¨ì¤]¬O¥ß°¨·Q¨ì«¢«¢«¢«¢«¢«¢,2
§B½å¨½ºû¦Ñ±C,3
B2 ·RÄR¶Ü«¢«¢,2
B2 ¬Ý¤F§Aªº¹Ï,3
¸£¸Ì³£¬Oºq¦±¸Ìªº©G»y°Ú,3
¬Ý¨ì´åªa¨º±i·Ó¤ùªº§Ú·Q»¡¡A¦oªºÀY¤£µh¶Ü,3
B32 B33 §Ú¤£»¡·RÄR®@¡A§Ú¬O§¯ºë ,3
§ÔªÌ©b¶]«ç»ò¦å¸ñ´³´³ªº·PÄ±,3
B28 ¯uªº¬O¦³Án­µ·Ó¤ùÕÙ«¢«¢«¢«¢§Ô¤£¦í¸òµÛ,2
"Careless,careless.",3
"Shoot anonymous,anonymous.",3
"Heartless,mindless.",3
No one cares about me.,3
B35 ©p¬O§¯ºë¹À§Ú¬O§¯ºë³áµ¥«ÝSUJU 11.6¦^Âk,3
¦n³ßÅw¤p¬õ¤H,3
¬OEXO¡I¡I¡I,2
§ÚªºÀé¯P ,3
«Ü·|µe­CXD,2
«ô°U¦h¤@ÂI,3
§Ú¦n³ßÅw³o­Óµe­·,2
¦n¹³¯QÀs¬£¥X©ÒªºÂ½¼ZÃ¹®±¡]³Â¨½·Rªºª¨ª¨¡^,3
¨Ó±À±À ,5
¸T·Ï¨º±i§Ú¼L¨¤¥¢¦u¤F,3
§ÚÄµ§i©p³á,0
¤£­nµ¹§Ú¤Ó¥i·R,2
ÄÑ¬O´¿©ÕÄÑªº¶Ü,3
³Ì¨g´¡µe®a,3
§ÚÀ³¸Ó¯uªº¬O¨S¿ù?!(«x,3
¹ï §A­Ì¬Ý·Ó¤ù´Nª¾¹Dªº¯uªº¦n¼F®`³áXDDD,5
B52 ¤£¨g¥u¬O¤ÓµL²á,3
B50 ¶ã¶ã¶ã§ÚÃø¹L,1
µL·N¸q,3
«e­±´X±iÅý§Ú·Q¨ì«Ü¤[¥H«e¤é¥»¤@­ÓÆF²§¼v¤ù,3
¤]¬O¬ï¬õ¦çªº¤k¤H,3
¬í¦¬ÂÃ ¤Ó¥i·R¤F,2
ÁöµM§Ú³Q²Ä¤@­Ó¨t¦CÀ~Ãz,9
¦b¤ô»å¨ºÃä¦n¥i·R,2
­ì¤å³Q§R±¼,3
§Ú¦nÃø¹L°Ú°Ú,1
³oÿ¤]¤Ó¥i·R¤F§a,2
§Ú¬OB51,3
¦]¬°§Ú¬O´¿©ÕÄÑªº¦º©¾¯»µ·XD,3
¤@¤Ñ¥i¥H¦Y3-4¥] ,3
³Ì¦h¤@­ÓÂ§«ô¦Y8-10¥]¤£¬O°ÝÃD,3
¤£¹L»¶¥]ªºÃö«Y ¨C¦¸¤W´Z©Ò³£«Ü²n,3
©ú©úª¾¹D¦ý¬O¤S·R¥[»¶(_¡Â_ __ ¡Â__),3
¤§«e®a¸Ì¶R¤F¤@²°´X¥G³£¬O§Ú¶ß±¼ªº,3
B2 ¯uªº¯º¦º ¨¸±Ðªü¨¸±Ð,2
©p¦n¦³½ì³á  «z§¼·N,2
¶W¥i·R___,2
¬O¦Ë³òÕÙ«¢«¢,2
£°¾a§Ú³Q¦o¬ðµM¥X²{¦b®à¤WÀ~¨ì°Õ°Ú°Ú°Ú°Ú°Ú°Ú°Ú°Ú,9
¦n©_¬°¤°»ò¤W¤@½g³Q§R±¼,3
¤£¯à©ñ¯»±M¶Ü¡H,3
¦n¦³¤~,5
«ç»ò¥i¥H³o»ò¥i·R~~~,2
«¢«¢«¢«¢«¢¦n¥i·R¡I,2
§Aªº¤âµeªº¯u¦n,2
²{¦b­ü©~¤@°ï§ë²¼®`§Ú­è¤£¤p¤ßÂI¤F­Ó¬O¡K,3
¤£µÎªAªº¤p¤H..,4
³o¬O¬õ¦ç¤p¤k«Ä3¶Ü«¢«¢«¢,2
Â½¼ZÃ¹®±¡I¡I¡I¤Ó¹³¤F§a«¢«¢«¢§Ú¶W·R¯QÀs¬£¥X©Ò,2
¤ô»å¨º­Ó§Úª½±µ¯º¨ì¸z­G©âµ¬«¢«¢«¢«¢«¢«¢«¢ ¤ÓQ¤F,2
Ä±±o¦n¼F®`¾¾¡I¨C­Ó³£«Ü¹³¯uªº¦³³o­Ó©_©Ç¤p¤H,2
¤Ó¦³¤~¤F,5
B77 ¨º¬O B44 ¼ÓªºªB¤Íªºidea¡I¯uªº¥u®t¨S¦³ÄG¤l¤Fxd,3
B78 ¤]ÁÂÁÂ§AÀ°§Ú¸Ñ¶}Åý¤H¯º¨ì­G©âµ¬ªº¦¨´N «¢«¢«¢,2
B79 ÁÂÁÂ ¨ì³B¶Ã¤Ja¤p¤H,2
B822017¦~10¤ë5¤é,3
«Ü¥i·R¤S«Ü¸Þ²§,2
¤Ñ§r¦n¥i·R ¦n¼F®`¦n·|µe,2
´Â¸t__,3
¥i¥H³zÅS¯»±Mªº´X­ÓÃöÁä¦r¶Ü,3
¾a¶W¯Å±j,5
¤Ñ°Ú¡K·F¹À°s¾r À~¨ì¾ã­Ó¿ô¹L¨Ó,9
¯uªº¡K¡K ¨º£°¦w®º,3
§Æ±æ¤£­n¬O¯uªºÕÙÿ °s¾r«áÁÙ¯àÂ½¨­ªº¤k¬P¯uªº¤Ö¤§¤S¤Ö ¬°¤°»ò­n¸®°e¦Û¤vªº«eµ{,1
¹É¹É,3
¶W¯Å¾_Åå §Ú¯uªºÄ±±oºâ¬O¦Û·´«e³~¤F ¦oÁÙ³o»ò¦~»´ÕÙ,1
¯uªº­n·R±¤¦Ð¤ò¡K ­ü³o¯uªº¬O¦Û·´«eµ{,8
«zÿÿ,3
³o¸Ì¬O¼ÐÃD¡B¤º¤å¦³´£¨ìÃö©ó»F¨Æ°k¶hªº´X«h·s»D,3
ÁöµM¦³ÂI¤ß¯k¦oªººtÃÀ¸ô ¦ý¦­¤W¤KÂIÁÙ¾K¨ì¼²¸ôÃä¤T¦¸¬O¤°»ò°­== ¦pªG¬O¯uªº°s¾r¨º´NºC¨«¤£°e¤F,0
OMG §ÚÁÙ¥H¬°§Ú¬Ý¿ù,3
­è­è¬Ý¨ì®ø®§¾ã­ÓÀ~Ãz¡K¡K §Ú¶W³ßÅw¦oªºÕÙ,0
¤Tª÷¤§¤¤¹ï¥L¨S¦n·P,0
¦pªG¬O¯uªº´N¥ý¤U¥h§a¡A§¹¥þ¬O¦Û·´«eµ{ªº¦æ¬°,0
¦Û·´«eµ{ §ó¦óªpÁÙ¬O¤k¥Í ´N§ó¨S±Ï¤F,0
§Ú­ì¥»Ä±±o¦o«Üº}«G«Ü³ßÅw¦oÕÙ ¦ý°s¾r´N¤U¥h¡I,0
°s¾r+°k¶h+©Ê§O¤£¥¿½T ³o¤U¯uªºÙT¤F§a ¤£ºÞ«ç¼Ë°s¾rªº¤H³£µ¹§Ú¤U¥hÕÙ ±q§¤¤W¾r¾p®yªº¨º¨è´N¬O¦M®`¨ä¥L¤H©Ê©R ·´±¼¨ä¥L¤H®a®xªº¥¼Ãz¼u ¦³°÷¨S«~ ,0
¦n¤[¨S¬Ý¨ì¦o ¦A¬Ý¨ì³ºµM¬O³oºØ·s»D,1
¡H¡H¡H¡H¡H¬°¤°»ò­n³o¼Ë¡K¡K¡A,1
¤£ª¾¹D¥i¥H»¡¤°»òÿ.,3
³£¦³Lizzyªº«e¨Ò¤F °µ¥ô¦ó¨Æ¹ê¥ý·Q¤@·Q ¤£­n«á­±¤~¦b¨ºÃä«á®¬ ´N³£¨Ó¤£«æ¤F ¦å²O²Oªº¨Ò¤l³£§i¶D§A¦U¦ì¤F°Ú ÁÙ­n¥h¥Ç ¥u¯à»¡ ¦Û¤v¿ï¾Ü°s¾r´N¦Û¦æ©Ó¾á,3
ÙTÙT ¤£ºÞ¦p¦ó°s¾r¤@«ß¤U¥h ÁÙ°O±o¦o¦³ºt¤@³¡¸ò¤Ñ¨Ï¦³Ãöªº¼@,0
©Ê§O¤£¥¿½T+°s¾r°k¶h ·´_ ¤j¦­¤Wªº¥H¬°°k¶h¨S¤H¬Ý¨ì³á¡H ¦Ó¥B²{¦b¸ô¤W¤@°ïºÊµø¾¹,3
©Ê§O¤£¥¿½T ¥H«á¨S¾÷·|¤FÙTÙT ¦ý°s¾r¥JµL½×¨kªº¤kªº¥þ³£µ¹§Ú¤U¥h,0
§¹³J¤F ¦Û·´«eµ{ ÁÙ¨S¬õ°_¨Ó´N¨S¤F,3
...³£¼²¨ì¤T¦¸¥H¤WÁÙ¤£°±¤U¨Ó¤S°k¶h ¤Tª÷¸Ì¦oªº¬P³~³Ì¤£¶¶¤]¬O¶Â®Æ³Ì¦hªº ¤~21·³´N¨º»ò¤£¦Û·R ¦Û·´«eµ{¯uªº¤U¥h¤F,3
.......¡H³o­Ó¦~ÀY«ç»òÁÙ¦³¤H´±°s¾r ÁÙ¬O¦~»´ºt­û ¯uªº«Ü¤£·R±¤¦Ð¤ò ÙTÙT¤F,7
·´¤Fÿ,7
¤°»ò°Õ°Ú°Ú°Ú°Ú ¬°¤°»ò¤£·R±¤¦Û¤vªº¦Ð¤ò°Õ°Ú°Ú°Ú,0
°s¾r¯uªº¨S¤°»ò¦n»¡ªº ºC¨«¤£°e,0
¬O¯uªº¸Ü¯uªº¥i¥H¤U¥h¤F ¦Û·´«eµ{ Â½¨­¾÷²vÁÍªñ0 ©¯¦n¬O¨S¦³µL¶dªº¤H¨ü¶Ë,7
°s¾r³£¸Ó¤U¥h ÙT¤F±z¤F,8
­ì¥»ÁÙÆZ³ßÅw¥Lªº... ¦ý°s¾r¤£ºÞ¤°»ò©Ê§O§Ú³£¤£¦æ ¦n«eµ{·´¤F ¦pªG¬O¯uªº¨ººC¨«¤£°eÕÙ ½Ð·R±¤¦Û¤vªº¦Ð¤ò,7
°s¾r¥J= = µ¹§Ú¤U¥h,0
¦n¦MÀI°ÚÁÙ¦h¦¸¼²À» ¤H¥Í¶}§½³o»ò¦nªº¤H«o¤£¦Û«ß ¥i±¤,1
¥Ø«e©çÄáªº¹qµø¼@ À°¨ä¥Lºt­ûQQ,1
¦­¤W8ÂI¯uªº¬O¤@­Ó«Ü¯«©_ªº®É¶¡ ¤@¤j¦­´N¦b¶}¼²¬O­nÀ~¦º½Ö,3
¦n¾_Åå ±q·R¦b°ª¤¤¶}©l°l¦oªº»¡,7
«z¯uªº°²ªº ¦nÃø¬Û«H ¦Ó¥BÁÙ¦n¦~»´®@ ¯uªº¥i±¤¤F °s¾r¯uªººC¨«¤£°e,1
¯uªº¤£À´¡A¦³¨º»ò¦h«e¨®¤§Å²ÿ¤£ºÞ¨k¤k³£¬O¡A¤]¤£¯Ê¥s­Ó¥N¾rªº¿ú§a¡C,3
­ì¥»¶W³ßÅw¦o¡K¡K,7
¤Ñ°Ú ¦o¬O§Ú¤Tª÷¸Ì³Ì³ßÅwªº ¦n¥i±¤,1
·Q·íªì§Ú°ê¤¤ªº®É­Ô ªB¤Í°lµL­­ ³Q¦o­Ì©ÔµÛ¬Ýª÷ÁÉºú©M«nÀu¹bºtªº·R¦b°ª¤¤ ¦nÃh©À°Ú,1
µð¡H¡H¡H,3
¤@ª½«Ü³ßÅw¦o ¨C³¡¹q¼v¸ò¼@³£¦³¬Ý ¦ý¬O¦pªG¯uªº°s¾r ¨º´N¦A¨£¤£°e,7
¨ì©³¦b·Q¤°»ò¡I¡I¡I «ç»ò·|¥h°s¾r,7
ÁöµM¥»¨Ó´N«Ü¤£³ßÅw¦o¡A¦ý¬JµM¬O¯A¶û¡BÁÙ¦b½Õ¬d¤¤¡A¤£¬O´N¥NªíÁÙ¨S½T»{¶Ü¡H,3
¤£´±¬Û«H...,7
ÕÙ¤£¬O¡AÁÙ¦b½Õ¬d¤¤«ç»ò¤@°ï¤H¤w¸g½T©w¦³¤F¡A¥ýµ¥½Õ¬dµ²ªG¥X¨Ó§a¡I,3
¤w¸g¬O¤Tª÷¸Ì­±²Vªº³ÌºGªº¤F ÁÙ¦p¦¹¸®°e¦Û¤vªº«eµ{ÿ,7
¦n¾_Åå..,1
¦oIG¤]¶}©l³Q¯d¨¥¨Æ¥ó¬ÛÃöªº¤å¦r¤F,3
GOLDMEDALIST³Ìªñªººt­û«ç»ò³£¤@ª½¥X¨Æ......,3
ÃÀ¤H¤£¬O³£¦³¸g¬ö¤H¶Ü ¤£¬O«ÜÀ´¬°¤°»òÁÙ­n°s¾rÕÙ ¤£µM§ä¥N¾r°Ú §ÚÄ±±o°s¾r³Q§ì¨ìªº¤H Á¿¯uªºÀ³¸Ó³£¦³¦n´X¦¸°s¾rªº¸gÅç¥u¬O³£¨S¥X¨Æ¦Ó¤w¡K¡K,3
¤kªº¥u¯à¤Þ°h¤F,3
¼²¦¨³o¼Ë¤]¤Ó¸Ø±i ªü¤£´NÁÙ¦n¨S¼²¨ì¤H,3
¼²¨ì¤H¨Æ±¡´N¯uªº¤j±ø¤F,3
°s¾r¯uªº¥i´c ¨S¿ìªk­ì½Ì ¨S¦³·Q¹L«áªG¬O¤°»ò ³oºØ¤H°h¥XºtÃÀ°é­è¦n¦Ó¤w,0
°s¾r¯uªººu,0
¬Ý°_¨Ó³Ü«Ü¨~­C ¼²¦¨¨º¼Ë ¤£¹L¦o¯uªº±o¤£¤Ö¼ú ÁöµM¼Ó¤W¤j¦h³£»¡¦o¦]¬°©Ê§O·|¤U¥h¡A¦ý§Ú«ç»òÄ±±o¦bÁú°êºt­û¨ä¹êÁÙ¦n¡K,3
¦Û·´«eµ{,7
À~¦º¡H¡H°s¾r¤@½ú¤l³£§O·Q´_¥X ·P®¦,7
¬ÙÃC®ÆXD,3
¶}±Ò©]¦æ©Ê¼Ò¦¡§a,3
ÁÙ¦n¨S°½º¦»ù,3
¤T­Ó³£¤£«ç»ò¼Ë ¥u¯à»¡¤T¨¤¶ºÄ{³o¶ô7-11ÁÙ¬O¤ñ¥þ®a¦n¦Y,3
«e´X¤Ñ¦Y¤F¤@ÁûÃÉ»Iªº °¾Ãø¦Y ¡]Á«§Ú¹ï³oÁû´Á«Ý³Ì°ª¡^ ¤ß¤¤±Æ¦æ¡GÂC³½>½Þ¦×>ÃÉ»I,7
¦Y¤@¦¸¡A´N¤£·|·Q¦A¦Y²Ä¤G¦¸¡C,7
¤^¤¢¶W¤H¦³¥h¨µÅÞ¹L§a ¤£­n»~·|§Ú¤]¬O¤^¤¢¶W¤H ¹ï¤F§Ú±ÀÂË7-11ªº³·ÃÉ ÁÙÆZ¦³¨ý¹Dªº,6
¨p¤ß±À¥þ®a¦Û¤vªºÂD³½ÂD³½§Z¶ºÄ{¡A¨C¦¸³£­n¥Î·mªº¡C,6
§ÚÄ±±oªwµæÂC³½¶W¯Å¦n¦Y,6
§Ú¶W·RªwµæÂC³½ªº,6
º¡³ßÅwªwµæÂC³½ªº ¦³¬Ý¨ì¤S·Q·f59ªº¶¼®Æ¤~·|¶R,5
ªwµæÂC³½¦n¦Y¡I«Ü¤¤§Úªº­G¤f,5
ÃÉ»I¶WÄê,7
³·ÃÉÃÉ»I §Ú²{¦bÁÙ¬O·|¤@ª½¦^ÁÊ,6
ÃÉ»IÆg,5
ÃÉ»I²Ä¤@,5
½Þ¦×ªº¦n¦Y,5
ÃÉ»I¶WÃø¦Yªº ªwµæÂC³½ÁÙ¥i¥H,7
»¶ª£½Þ¦×«Ü¦n¦YÕÙ¡I§Ú«Ü±`·í¤ÈÀ\ ¦ý¨ä¥L¯uªº«Ü´¶³q,2
§Ú³Ì·R»¶ª£½Þ¦×ÕÙ¡I>³·ÃÉ>ªwµæÂC³½,2
®Ú¥»¨S¦³¨ì¦n¦Y ¬°¦ó¤@°ï¤H±· ¥÷¶q¤ñ¤@¯ë¶ºÄ{¦h ¦ý®Æ¤Ö ¶º¦h¦Ó¤w »ù¿ú¤]¤ñ¤@¯ë¶ºÄ{¶Q,8
§Ú¨ì²{¦b³£ÁÙ¨S¦Y¹LwÁöµM«Ü³ßÅwª÷°wÛ£ ¦ý¤@ª½¨S¬Ý¨ì§Ú®aªº¶W°Ó¦³½æ,3
§Ú«Ü·RÃÉ»Iªº»¡,6
»¶ª£½Þ¦×³Ì¦n¦Y§a,6
»¶ª£½Þ¦×¶W¯ÅÃø¦Y,7
ÃÉ»I¦n¦Y,5
¦Ñ¹ê»¡..³o¤T­Ó³£¨S¦³«Ü¦n¦Y,7
½Þ¦×²Ä¤@¦W »¶»¶ªº«Ü·R,2
¥þ®a¶ºÄ{¯uªº¥u¦³ÂD³½¡BÄJ³½ÁÙ¦³³Ìªñ¨º­ÓÂD³½§Z¤ñ¸û¦n¦Y,6
7¯uªº¤ñ¸û¦n¦Y ¨C¦¸¸ò§O¤H»¡³£¤£«HÕÙ,8
¦]¬°­n¤W·s¤f¨ý§a,3
»¶ª£½ÞÆZ»¶ªº «Ü²n­C,2
¥u®t¤p¤õ®ã¤F,3
³o¬O§Ú­nªºµ²§½ §º°Õ,2
¦A¨Ó´X¦¸¡A¥[ªo¯¸´NÁÈÄê¤F,3
¦n©_¤ï®{ªº¤ß²z³±¼v,3
¦n©_¨º¨Çªo¼Q¤F¦h¤Ö¿ú,3
¤¤¦~¬´ªv­¦ ªo¤§©I§l,3
²{¦bªo«Ü¶QÕÙ,3
§T­ê¡G°® ¤T¤p ©ÈÃz »°ºò¨Ó®ÚµÒÀ£À£Åå,9
¤ï®{¦nªo³á,3
³o¤Ó¨ë¿E¤F,3
¦n¶Q,3
ÆZµÎÀ£ªº¡A¤âÀY¦³¥´¤õ¾÷¸ò¯Èªº¸Ü¡A´N§óºëªö¤F,3
­ì¥»­n´X¤d¶ô¤~¯à¥´µoªº¡I²{¦b¥u­n´X¦Ê¶ô«ÜÁÈ°Ú,3
¤ï®{¡G©â®ÚµÒÀ£À£Åå,3
¤ï®{¤£²n´N§éªð¦^¨Ó©ñ¤õ,3
¥[ªo¯¸ªº­û¤u¡G­pµe³q¡I,3
¤õ¤O©úÅã®t¶Z,3
¤ï®{ÅÜ¦¨§Úªº¿Uªo¤H §Úªº¶W¤H,3
¤ï®{¯É¯Éª¦¤W¨®«á¡G©I¡A­è¤~¦nÀI¡A¨º¤H¤]¤Ó¥û¤F§a¡A©â®Ú·ÏÀ£À£Åå¡I¡I,9
¥[ªo¯¸­û¤u¯u¨¯­W ¬°¤FÁÈ¿úºt³oÄÕ,3
³o¼Ëªo¿ú­n½Ö¥I¡H,3
¹«¼ÐÁÙ«üµÛ¨k¤H §Úª¾¹D¤F ¨k¤H´N¬O­n³Ü¦B²N²O¬õ¯ù¹ï§a,3
¯uªº ²{¦b·Q³Ü´XªM¦B²N²O¬õ¯ù´N³Ü´XªM ¤j®a³£µ¹§Ú³Ü°_¨Ó,3
©ñ¾Ç«á¨Ó¤@ªM¦B¬õ¯uªº«Ü©¯ºÖ~,2
§Ú¥u·|¶R¦B²N²O¬õ¯ù¶R¨ì¨S¿úXD ¦]¬°¨C¤Ñ¤@ªM,3
§Ú³Ì³ßÅw50´Pªº¦B²N²O¬õ¯ù,2
­ìPO§A¤@©w¬O½Ä¦^®aªº¡A§Aªº¦B²N²O³ºµMÁÙ¨S¿Ä¤Æ,3
®L¤Ñ¡A¦B²N²O¬õ¯ù¬O¥¿¸Ñ,3
ÁöµM¦ý¬O§Ú¦^®aÁÙ¬O¾ã¤Ñ¼o¦b¨Fµo¤W¶ý¶ý¶ý,3
¨p¤U¶}©ñ¦ýºtÃÀ°éÄY¸T,3
¸ò¬Y¨Ç®aªøªº·Qªk¤@¼Ë°Ú §Ú±µ¨ü¦P©ÊÅÊ¡A¦ý§Ú¨à¤l(°ê¤H)¤£¯à¬O,3
¥xÆW¦³«Ü¦h«Ü¦nªº¤å³¹§A¤£¬Ý¡A§A¨º»ò³ßÅw¬Ý¤ä¨ºªº¤å³¹¡A´Nª½±µ·h¹L¥h¬Ý,3
§ì¤£§ì³£¬O©x¤è¦Û¤v¨M©wªº ¤Ï¥¿ªk«ß´N¦b­þÃä §A­Ì·Q«ç»òª±«ç»ò¼g³£¨S°ÝÃD ¥­®É¨S¨Æ ¤@¥¹¦³¨Æ´Nª½±µ¤Q¦~°_¸õ,3
§ì¥h«ä·Q§ï³y¨º¬O§Ü¤¤«O¥xªº»{ª¾§@¾Ô§r¡A§A´N«H®@,3
¤¤°êÁÙ¦³¦P©ÊÅÊ³á¡A§Ú¥H¬°³£³Q§ì¥hºjÀÅ½æ¾¹©x¤F,8
©x¤è·|§ì¤H°Ú ¦³¼g¯Ô¬ü¤p»¡ªº§@ªÌ³Q§ì¡A ¤]¦³¥Xª©°Ó³Q§ìªº¡A ¥h¦~ÅÜ±o§óÄY¶W¦h¥Xª©ªÀÃö³¬,3
­^¶¯Áp·ù6¤ë¬O¦P§ÓÅº¶Æ¤ë¥u¦³¤¤°ê¦øªA¾¹¤£·|¦³¬¡°Ê¥þ¥@¬É³£¦³,3
ªí­±­n°µ¦n,3
Á|³ø´N·|§R¤F,3
®M¤@¥y¥L­Ìªº¸Ü¨Ó»¡ ½æ»GÀç·~¥i¥H¡A¦ý¬O¯uªº¤£¦æ,3
¨ì²{¦bÁÙ¦³¤H«H«ä·Q§ï³y ¥NªíºñÀç¬~¸£¯uªº«Ü¼F®`,3
¶ÃÁ¿ ¤°»ò«ä·Q§ï³y ¬O«Ø³]¦è³¡,8
¨S¦³¸T¤î¦ý¤£¯àµ²±B,3
°Ú¦@²£ÄÒ´N¥ª¬£°Ú¡C ·|«Ê±þ¡A¬O¬Y¨Ç¨ã¶Ç²Î¤¤°ê­Û²z¹D¼w¬ü¼wªº©x­ûª¾¹D¤£¯à»{¦P¦P©ÊÅÊ³oºØ¤£¥¿±`Ãö«Y¡A¦ý¬O¦@²£ÄÒ¥»¨­¸ò¥Á¶iÄÒ¤@¼Ë¡A¬O¤Ï¶Ç²Î¿E¶i¬£¡C,3
¤¤°ê¨S¦³gay¡H ¥ý¥h¬Ý±À¯S¨º¨Ç¥i·R¤p¨ü¥sª¨ª¨À£À£Åå,8
b¯¸«Ü¦h¦³Ãö¦P©ÊÅÊªº¼v¤ù©Î¤å³¹¡A¤£¥ub¯¸¡A«Ü¦h¦a¤è³£¦³¡AÀ³¸Ó¬O¨S§¹¥þ¸T§a¡H,3
¥i¥H¤ä«ù°Ú¡A¦ý¤¤°êµ´¹ï¨S¦³¦P©ÊÅÊ,8
¦³¸T ¦ý¤j®aªí­±³£«Ü¶}©ñ ¨ä¹ê¤½¶}ªº¸Ü ¨p¤U·|³QÁ¿ªº¶WÃøÅ¥,3
»¡¨S¨Æªº¬O¨S¦b¬Ýºô¸ô¤p»¡¶Ü==,3
¦³Å¥»¡«Ü¤£¿ùªºª÷¿Ä¤½¥q¸Ì­±µ¹ªºÀ\³£¶W¦n¦Y³£§K¶O ¸ËæC¤S¶W°ª¯Å ¦ýªùÂe°ª ¸Ì­±¦U­Ó¤Ñ¤~¸ò¤H¤~,3
®t¤£¦h,3
???¦^®a¨®¿ú©O¡H,3
¤­­Ó¤ëÅo¡A¥X¨Ó¶¢®Ì¹L¨â¦¸_ ²Ä¤@¦¸¬ù¤ñ¸û¦³ÀÇ¬Nªº·PÄ±¡A«á¨Ó§¹¥þÅÜ¦¨¤£±a·P±¡ªº¶¢²á,3
§Ú..§Ö¨â¦~¤F.. §Ú¦Û¤v¤]¬O¦]¬°°½°½³ßÅw¹ï¤è¤~·|¤@ª½²á¤U¥h.. ¦³®É­ÔÁÙ¤£¦P³nÅé³£¦U¦Û¦³¸ÜÃD¦b²á,3
§A¸ò¥L¬O¦P¾ÇÃö«Y¹À ¬ù¥L¥X¨Ó³}µó ¬Ý¯à¤£¯à¦³¶i¤@¨Bªº¾÷·|§r,3
§Ú¦Û¤vÄ±±oÃ­²á¤£¥Nªí¤°»ò¡A²¦³º¦^°T®§¯uªº¤£¬O¤Ó§xÃøªº¨Æ ¦pªG©p¬ù¥L¡A¥L¤]Ä@·N¥X¨Ó¡A´X¦¸¤§«á¤~¥i¯à¦³¾÷·|§a¡I,3
§Ö¨â¦~¡Aªñ¥b¦~¤~¨£­±¡A¤j·§¥|¤­¦¸¤F«ùÄò¼W¥[¤¤¡A¦ý¬O´N³Q·íªB¤Í,3
­n¤@¦~¥b¤F ¨C¤Ñ¤£¶¡Â_ ÀÇ¬N«¨ ¦­´N¤£¾å±o¤F«¢«¢,3
°©·P°¾½GÁÙ¬O¦h¼Æ¤Hªº¤f¨ý ·d¤£¦n¥L¨k¤Í·Q´«¤k¤Í«Ü¤[¤F,3
¥ýÅý§Ú¬Ý§Aªº·Ó¤ù ¦n¬Ý§Ú´N·í§A¨k¤Í¤F,3
¬°Ô£Ä±±o°©·P¡®¤¤µ¥°¾½G¡×·|¦³¨k¤Í¡H ¨M©wªº¬O¨ä¥L±ø¥ó§aÿ,3
§A¦³¨S¦³·Q¹L¥i¯à¬OÁyªº°ÝÃD¡H,3
¤£½×¦p¦ó¡A¦³­n¶}©ñ¥dºÙ³ø¦W¶Ü¡H,3
¤p­D©f±o¸o§A¦U¦ì¤F¶Ü ¥æ¤£¨ì¨kªB¤Í¨S¥²­n³o¼Ë»¡¸ÜÕÙ,3
¬Ý©pµuµuªº¤å¦r·PÄ±¬O­Ó©Ê°ÝÃD,3
ÂÅÀY¤p­D©fÃ±,3
¦bÀu¶V¤°»ò...,0
¬Ý©p¥´³o¬q´Nª¾¹D¬°¤°»ò¨S¨k¤Í¤F,8
¤ñ°_ÃÛ¦b¨¤¸¨»Ä§O¤H¡A¦n¦nÀË°Q¦Û¤v°ÝÃD¦b­þ¤ñ¸û¹ê»Ú§a¡I,0
¤p­D©f¥i·R°Ú¡I¦Ó¥B©ê°_¨Ó«ÜµÎªA,6
­D©f Æg¡C,5
³o»ò®¼­D©f¬°¤°»òÁÙ³o»ò¦h¤H¥ÎÀs©f³oºØ¬Fªv¤£¥¿½Tªºµü,3
°·¨­¬O°·µ¹¦Û¤v¸ò¸ô¤H¬Ýªº°Õ §Úªº·Qªk¬O³o¼Ë,3
§Ú³£²oµÛ¤p«Ó­ô,3
¨k¥Í¹ï°©·Pªº¬Ýªk¡A¬O¸Ó­Dªº­D¡A¨ä¥L¥i¥H°©·P¤@ÂI ¤£¹L §Ú­Ì¥i¥H»{ÃÑ¤@¤U_,3
©Ò¦³°©·P¨S¤H·Rªº¬F¤j¤k´Ë ³oÃä¶}©ñ¨p°T ¨S¤H·R §Ú¨Ó·R,3
§Ú¦n·R°©·P....,2
§Ú«Ü½G¤]³ßÅw°©·Pªº¤H ¦ý³£§l¤Þ¨ì¦×¦×_¶ã¶ã¶ã,1
¨Ó©j©jÃh¸Ì,3
§Ú³ßÅw´¶¨k,3
¥u¦³°©ÀY½Ö­n ¦³¦×¤~µÎªA,3
Åª¨ì¬F¤j¤FÁÙ³o»ò¥H°¾·§¥þ¡A¸Ó¥h°á²Î­p¾Ç,8
§Ú³ßÅw¦×¦×ªº¤k¥Í ©ê°_¨Ó¤~µÎªA°Ú,2
§A¦³¨S¦³·Q¹L¬O­Ó©Ê°ÝÃD,3
¦³¥i¯à¬O¦]¬°§Aªº¤pÁàÁy°Ú,3
§A½T©w¤£¬O©j©f¶Ü,3
²¦·~¦h¦~¬Ý¨ì³o½gµo¨¥¯uªº¦³ÅåÀ~¨ì ¦n©_§A¥­±`ªºµo¨¥¬O§_¤]¬O¦p¦¹,8
¤£­n¤Ó­D´N¦n¡A¦³¤@ÂI¦×¦×ªº¡A©ê°_¨Ó«ÜµÎªA,3
¥x¤k²´¥ú«Ü°ª ¥x¨k¥u¯à¦Û¤v©ñ§C¼Ð·Ç,3
§Ú³ßÅw¡I¡I¡I¦ý¨S¦³¤Hµ¹§Ú³ßÅw,2
§Ú¦Û¤v´N¤£³ßÅw¤Ó½Gªº¤k¥Í¡A¯Âºé­Ó¤H³ß¦n½}¤F,2
§Ú¬O¨k¥Í¡A¬Ý¨ì©p»¡³oºØ§Ú´N¥ýÂ÷»·¤@ÂI¤F,3
¨k¥Í¤@¯ë¤£³ßÅw¨èÁ¡ªº¤H,3
°©·P§Ú¯uªº¤£¦æÕÙ Àç¾i¤£¨}ªº·PÄ± ¤Ï¦Ó»L¦³¦×¤@ÂI·PÄ±¤ñ¸û¦n,3
¤SÁà¤S­D³£¦³¨k¤Í¤F,8
¤£­n¨è·N¸`­¹°Õ ¤j®a³£»{¬°¦Y¤£­D«Ü¦n §Ú´N¬O¦Y¤£­DªºÃþ«¬ ¥Ã»·¬Ý°_¨Ó¹³¦Ë¬ñ ¦ý³o¼Ë¯uªº«Ü¤£°·±d,3
¦nº}«G,5
ÆZ¹³®ü³øÅéªº,3
¤£º}«G¦ý¤]¤£¨ìÁà¡A´N«Ü»{¯uªº¦r¡C,6
¤£³ßÅw³oºØ¦rÅé ¦ý´N«Ü¥¿±`¤£Áà¤]¤£º}«G,7
´N¯uªº«Ü¹³°ê¤p¥Íªº¦r «Ü»{¯u¾ã»ô¡A¤£º}«G¤]¤£Áà,3
ªº½T¹³°ê¤p¥Íªº¦r ¤£¹L¨C­Ó¤H³£¦³¦Û¤vªº­·®æ°Ú ¿ù¦b¨º­Ó¦h¨Æªº¾F©~ »¡¤H®a¦rÁà¬O«ç¼Ë,7
§A©j´X·³°Ú,3
¾F©~ºÞ¤Ó¦h¤F§a¦í®üÃä£¬,0
­Ó¤HÄ±±oµ§°O¼gµ¹¦Û¤v¬Ýªº¡A¦r¾ã»ô´N¦n ³o¼Ë¯uªº¨S¦³«ÜÁà ¦Ó¥B¤À¦â¸ò¾ã»ô«×¡A¬O§Ú·|·Q¬Ýªºµ§°O,6
¬O¦³ÂI¹³¤p«Äªº¦r ¦ý¬O¤£Áà°Ú,6
¦nÁà,4
·PÄ±©n©n¥H«e¬O»{¯uªº¦n¾Ç¥Í,6
¦rÅéªº«¬¬O¤Ñ¥Íªº¡A¾Õªø©Î¤£¾Õªø¤°»ò¦rÅé¤]¬O¡A®Ú¥»¨S¤°»ò¦n§åµû¡A³ßÅw©Î¤£³ßÅw³£¬O¥DÆ[¡A¬°¤F·¾³qªº¸Ü¬Ý±oÀ´´N¦n¡A¬°¤FÃÀ³Nªº¸Ü¦³¤HªY½à´N¦n,6
ºÞ¥LÁà¤£Áà ¬O¤z¥L§¾¨Æ,0
»¡±o«Ü¦n´N¬O¹³¤p¾Ç¥Íªº¦r °Ú§A©j´N¬O§A§a,0
¤pªB¤Í¦rÅé,3
¨S¦³,3
©Ò¥H¬°¤°»ò¥u¥´¤@¾¯,3
§ÚªB¤Í¥´¤T¾¯³£¦³µo¿N¡AµM«á¥L²{¦b±µÄ²¨ì4­Ó½T¶Eªº¡A¥L³£¬O³±©Ê,3
µ¹§A±j¤ß°w ¸ò¨k¤Í¦í¤@°_¡A³ïÄVµh¨º¤Ñ¥LÁÙ¦Y¤F§Úªº­¹ª«¡A¥L¤]¥u¥´¤@¾¯¡C ¦ý§Ö¿z¶§«á§Ú­Ì´N¹ý©³¹jÂ÷¡I ¤K¤Ñ¹L¥h¤FÁÙ¬O³±©Ê,3
´N¤@°ï¤£¥´©Î¥´¤@¾¯ªº¦b±¡°Ç¨Ä¨Ä¥´2¾¯3¾¯ªº ¤@ª½³Ûºò±i®`©È ·dªº®ÇÃäªº¤HÁÙ­n¬Ý§A­ÌÁy¦â°µ¨Æ,3
§Ú¨k¤Í¬O¤@¾¯½T¶Eªº §Ú¬O¨â¾¯½T¶E,3
Á¿¯uªº¦o¦pªG¨S¥¤ À³¸Ó¨S¤°»ò¤H­n¬Ý§a,3
§c©Ò¥H¦o¬O½Ö «Ü¬õ¶Ü..,8
¨ä¹ê§Ú«Ü³ßÅw¦oªºÃC­È¡A¹ï¦oªº¯Ý³¡¨S¿³½ì¡A¥i±¤¦³¾ã§Î,3
­Ó¤H»{¬° ¾a¥¤¬õ´Nºâ¤F ²¦³º¥»¨Ó´N«Ü¦h¤H¬O¦]¬°¥~»ªÀu¶Õ³Qª`·N ¥u¬O ¦o©ú©úª¾¹D¦Û¤v´N¬O¥¤¤j ¤]¤@ª½ÅS ·Ó¤ù¼g¯u³£¬O¥HÅS¯Ý¬°¥D ÁÙ¦b¦Û¤v¼v¤ù¸ÌÁ¿­n°µÁY¯Ý¤â³N »¡¤£·QÅý§O¤H¥uª`·N¨ì¯Ý³¡¤§Ãþªº¸Ü ¥»¨Ó¹ï¦oµL·P³£Ä±±o¶W¶Ì²´¡K¡K¡K,3
·|«ç¼Ë¶Ü ¦³¥¤´Nµ¹Æg,2
²{¦b¤£¾a¥¤ªººâµ}¦³°Êª«,3
¾a¥¤»¡ªá²~¡Bª«¤Æ ¤£¾a¥¤»¡°µ§@¡Bµ¹ÙT ¤k¥Í­n¬õ¦n¹³¨S¨º»òÂ²³æ,3
¯u¥¿ªº«Ê¥¤Åý¤j®a¬Ý¤º²[¨å½d °ß¤@¤ä«ù³¢®Ñº½,5
´N¬O¾a¥¤°Ú¡A¤£µM¸£¤l¦³¤°»ò¶Ü¡A¾ã¤Ñ»¡¤£­nª«¤Æ¤k©Ê¡Aµ²ªG¦Û¤v³ÌÁVÁÏ¦Û¤v,3
¯à¬Ý³£°²ªº¡A¨S¨ä¥L¤~µØÀY¸£¤S¨S®Æ,3
¦o·Q»¡ªºÀ³¸Ó¬O ¦oÁy¤]«Ü¥¿ ½Ð¦U¦ì¤£­n¥u¬Ý¥¤,8
¥i¶ì¥i¶ì¬üÁà¤]¶ì«Ü¥DÆ[ªºäM,3
ª«¤Æ¤k©Êªº¥Ã»·³£¬O¤k©Ê ³o¥y¯uªº¬O¯u²z,3
ª«¤Æ³ÌÄY­«´N¬O¥»¤H,0
¦pªG¤£ÅS¥¤§Ú´N°h°l¤F³á,3
©ñ¤ß ¹L¨S¦h¤[ ½u¤W´N¦³¬y¥Xª©¥» ¦­¶R¦­¨É¨ü¡B±ß¶R¨ÉÀu´f,3
¦­°h°lÂÜ ¥¤¤ñ¥L¤jªº¦hªº¬O ªø¤ñ¥L¥¿ªº¤ù¦a³£¬O,3
§Ú¤ñ¸û¦n©_¬°¤°»ò¥xÆW¤k¥Í³£¨º»ò·RÅS¥¤¡H Áú°ê¤é¥»¤j³°¨º¨Çªº´N¬Û¹ï¤ñ¸û¤£·|¹³¥xÆW³o¼Ë,3
¥i¥HÀ°§Ú°Ý ¬°¤°»ò­n¬ï³o»òµuª©ªº¦çªAÅw©I¶Ü,8
¦oªº¤º²[¤£´N¬O¯Ý«eªº¯×ªÕ¶Ü¡H,8
¤º²[§Ú¤£ª¾¹D ¦ý ¤º ¨­¤o ¤@©w ­þ­Ó´I¤G¥N»°§Ö¨Ó±a¨«,8
§Ú»{¯u°Ý ¬°Ô£¥Lªº¼g¯u¸ò«s©~¤Ø«×³£¨º»ò¤j µ²ªG¤W¦¸²y³õ³Q©ç¨ì¥L»¡¨ººâ¥~¬y­n§O¤H§R±¼¡H,3
«¢«¢ §ó¶ê¿Äªº³¡¤À,2
¬Ý¥L¤W¸`¥Ø Å¥¥LÁ¿´X¥y¸Ü °Ñ¦Ò¥L¥æ¹Lªº¨k¤Í¬O½Ö ¤j·§´Nª¾¹D¥Lªº¤ô·Ç¦b­þ¤F ¥H¤W¸ñ¶H±À´ú ¥¼¨Ó·|»P¦³¿ú¤½¤l­ô¥æ©¹ ¦ý­n¶ù¶i»¨ªùÀ³¸Ó¬OµL½t¤F,8
¥»¥¸¦ý¤j,3
ÁÙ¦n§Ú³£¬Ý§K¶Oªº£~£~,3
½æ¥¤ Áy¶ì½¦ °£¤F·|¸õ»R ÁÙ¦³¤°»ò,4
¦³¥¤´N°÷¤F ¨ä¥L¤£­«­n,3
«ç»ò¨C­Ó¤ë³£¦³ ¦n¤F°Õ ¤j®a³£ª¾¹D¦oº}«G¤D¤S¤j ¾ã§Î¤§¥ú ÆgÆgÆg ¤£¥Î¦A¤@ª½¬~¤F,8
ºû«ù³oºØ³]©w¨ä¹ê¤]¨S¤H·|»¡¤°»ò ²¦³ºº}«G¨­§÷¦n½Ö¤£·R¬Ý ¦ý©pÁ`¤£¯à¤S·Q¨É¨ü¦Û¤v¨­§÷¥~»ª±a¨Óªº¬õ§Q ¤S·Q·í¸t¤H¸Ë²M¯Â§a,7
ªLÁ¸ªLÁ¸ ªÅ®ð¯u­»,6
¾a¾a¾a¾a¾a¥¤¥¤¥¤¥¤¥¤¥J¥J¥J¥J¥J ¯u­»,6
¥¤¥¤¤Háà³s ¨S¦³¥¤¥¤¬Ý©p·|¤£·|¾j¦º,4
¯uÁ¸,3
§ÚÄ±±oÁÙ¬O¬Ý½Ö¦³¨S¦³ºI¨ì¥H«e¦o»¡¹Lªº¸Ü §Ú¤ñ¸û·Q¬Ý¨ì¦o¦YÅ¾ªº¼Ë¤l,3
¨ì©³¬Oªá²~ÁÙ¬O¥¤²~©O,8
½æ¥¤¤£¥i®¢ ¥i®¢ªº¬O½æ¥¤ÁÙ¤£©Ó»{,8
­Éª©°Ý ¦pªG¥t¤@¥b°lÂÜ¦o ­n¨D°h°l·|¹L¤À¶Ü ¤ä«ù¥L¬Ý¨ä¥Lº}«Gªº¤H §Ú¦Û¤v¤]·|¬Ý §Ú»{¬°©ú©ú«Ü¦h¯À½è§ó¦n¤S§ó¬üªº ¦ý°¾°¾°lÂÜ¦o ¤ß¸Ì´N¤£²n,3
¥i¶ì¤H®a´N¤£·Q½æ¥¤°Ú,3
³ßÅwÑnÑn¡A¦ÛµM¤£°µ§@,5
¦³¥¤«K¬O®Q,3
­n¾a¤~µØµ´¹ï¥i¥H°Ú ³¢®Ñº½¦w¤ß¨È¤£³£Âà«¬ªº«Ü¦¨¥\ ¦ý­n§O¤H¬Ý¨£¤~µØ´N­n§V¤O ·í¤°»ò¦¨´N³£ÁÙ¨S¦³ªº®É­ÔÁ¿³oºØ«a°Ã°ó¬Óªº¸Ü¥uÅý¤HÄ±±o¦n¯º,3
¤£¬O §A­n´Á«Ý¤@­Ó®õ¥_²¦·~ªº¤H¦³¤°»ò¤º²[,8
§Æ±æ¤j®aÃöª`¥L¨ä¥L¦a¤è µ²ªG¼g¯u¶°¤@ª½¥X¨þ¨þ,8
¼K¼K¼K ¶À±¶ ¼K¼K¼K,3
º½º½´N¯uªº«Ê¥¤¦¨¥\°Õ¡AÁÙ¬O¦³¦¨¥\¨Ò¤lªº,6
¨ä¹êÁ¿¯uªº §Ú¤]Ãi±o¬Ý¶ì½¦ ¦ý¥L¾a¥¤©Î¾aÔ£³£¤@¼Ë ¥L¦³§A¨S¦³ °Ú¥L¯àÁÈ¬O¥»¨Æ ¤£À´»¡¥L¾a¥¤ÁÈ¿ú­þ¸Ì¤£¹ï ¦³¿ú§A¤]¥i¥HÃ÷¬Ý¦³¨S¦³¤H­n¬Ý¦Ó¤w°Ú ¦³·s¥x¹ô´N¦n,8
¤j®a´NÄ~Äò°Q¹½§a ¤£·|¼vÅT§Ú,3
­n½æ¥¤´N¨Ä¨Ä½æ ¤Ï¥¿§Ú·|¶R³æ ¦ý°²²M°ª´N«Üäú¤ß,3
¥S§Ì³ßÅw­w¦b§Ú¤j»LºÎ,3
Ãø¹D¬OÀs¶§¤§¥æ¡H,3
¤U­±¨º¦ì³o»ò´÷ªº¶Ü,8
¦³¨S¦³¥i¯à¥L¬O¦b­ú¡H,1
³o¬O³À´ä°ê¤¤¶Ü¡H¡H¡H,3
§CÀY¨k¨k¦Û»y,3
¦nÀß,3
¤£·|«Ü¯ä¶Ü,3
§Ú¬Ý¤£¨ì§O¤H §O¤H¤]¬Ý¤£¨ì§Ú,3
¥i¯à¥u¬O¨{¤l¾j¤F,3
¦b¸j¿Ç±a°Õ ´N¹³¦³¨Ç¤H¾c±a¤£·|¸j¤@¼Ë »Ý­n¦³¤H±Ð¾Ç,3
¨k¨¥¤§Áô,3
¨kÃC¥Ä¶¼,3
»{¯u¡H¡H¡H¡H,3
«ç»ò¬Ý¥X¨Ó¤U­±¬O¨kªº,3
²{¦b¾Ç¥Í³o»ò¶}©ñ¶Ü¡K¡K,3
¤º¥Î¨â¦ìÁÂÁÂ,3
¤£¯à¥h´Z©Ò¶Ü¡K¡K,0
ÂÃªº¯u¦n¨S¿ù ²Ä¤G¬í¤~¬Ý¨ì¤H,3
¸ú¿ß¿ß³£¤£·|ª± Äê¦º¤F,3
¦n¸Ø±iÿ°ê¤¤¥Í,3
¦³ÂI§è¡K¡K¡K,3
¶À¦â¬O¨k¥Í¡K¡H,3
¨k¤W¥[Ãø,3
¨SÁ¦±ø§ä¤HÅéÁ¦±ø¦Y,3
¸`¥ØÁ¿³o­Ó·PÄ±¥À´ö,7
¤¡¨¤´N¬O­t³d°µ®ÄªGªº,8
«e´£¬O¹ï¤è¦³¨S¦³·PÄ±¨ì¤£µÎªA¦n¶Ü,3
·Q¬Ý,3
³o¤£¬O­n¬Ý±¡¹Ò¶Ü µ¥¨k¤H·NÃÑ¨ì¨k©Ê¨­Åé¦Û¥DÅv­«­n ¦A»¡Ðù ¤½´Z³£ÀH«Kµ¹¤H¬Ý¤F,3
¦pªG¹ï¤è·|¤£µÎªA ½Í½×¤°»ò¤º®e³£¤£À³¸Ó,7
·F¶Wäú,0
­n¬Ý³õ¦X¸ò±¡¹Ò§a¡A¹ï¤è·|¤£µÎªAªº¸ÜÁÙ¬O­nÃÑ¬ÛÂI,3
§Ú¬OÄ±±oÆZÀª§¼¸òº¡¤£¾A¦Xªº,7
§Ú¤]¬OÄ±±o³o¼ËÁ¿¦³ÂI©ÊÄÌÂZ,7
¦nªÎ,3
§Úªº¸Ü·|Ä±±o©ÊÄÌÂZ ¤£¹L·í¨Æ¤H¦pªG¤£³o»òÄ±±o ¨º´N¤£¥Ì§Úªº¨Æ,3
°Q¹½¬Ý³o¨Çÿ,7
·í®É¬Ý¨ìªº½TÄ±±o¨S±ð¤S§C¯Å,8
¨º§A¥i¥H¬Ý¤Ï°©,3
©Ê§O½Õ´«·|¬O§¹¥þ¥t¥~¤@¦^¨Æ,3
§ÚÄ¹¤F´N¨SÃö«Y¤F,3
¸`¥Ø®ÄªG§a »{¯u´N¿é¤F,3
¯u¥¿ªº¥­Åv´N¬O¤£Âù¼Ð¤£¤À¨k¤k³£¥i¥HÁ¿,3
¨S¨Æ¤k¥Í³£¥i¥H©ÊÄÌÂZ¨k¥Í§i¤£Ä¹,3
¤k¥Í³o¼Ë«Üäú¤ß,8
¦oªº¤H³]´N³o¼Ë °µ¸`¥Ø®ÄªG ¦ý¹ê¦b¦P·N©ÊÄÌÂZªk¦³°÷§C¯à¡A§ï¦W¥s¥x¤k¤£¶}¤ß«OÅ@ªk¤ñ¸û¦X²z,7
¯º¦º ¸`¥Ø¶}ª±¯º°µ®ÄªG¦Ó¤w ¦pªG·í¨Æ¤H¤£µÎªA«á´ÁÁÙ¬O°Å¶i¥h¤~·|»Ý­n§i©ÊÄÌÂZ§a,8
¯uªº¡A·í¨Æ¤H·P¨ü¤~¬O­«ÂI¡C ·PÄ±¦pªG§â³o½gªº¥D¨¤§ï¦¨¨k¥Í¡A¨º¥]§ï¦¨¥¤¡K¡u§Ú¤@ª½¬Ý¨ì©pªº¥¤¡A¤ñ¸û°_¨Ó¦oªº¤ñ¸û¤j¡K¡v·|³Q·íÅÜºA§a,3
´N¹³¤§«e³Õ®¦ªºª§Ä³²æ¤f¨q°Ú ¨k¥Í¨º¼Ë³Q´Û­t¤j®a³£·|¯º ¤k¥Í³Q´Û­t¡A¤À¤À¬í¬í¤kÅv¦b¨ºÃä³Ûª«¤Æ¤k©Ê ªÀ·|¨¤¦â´Á«Ý´N¬O³o¼Ë¥i¯º,3
³o´N³oªÀ·|ªº­·®ð§r¡A¨k©Ê´N¬O³Q­n¨D­n¤j«×¡A©Ò¥H³oµw­n©Ô¥­¤]¤£¬O«Ü®e©ö¡A¤k©Ê¦b³o³¡¤À¤@©w¬O¦³Àu¶Õªº,7
¬Ý¤FÄ±±o»áÀª§¼,8
¶WÀª§¼ ¬°Ô£­n°µ³oºØ¸`¥Ø®ÄªG,7
§ÚªºÁy®Ñ¦n¤Í¥u­n¬O¤kªº §Ú³£·|°Ý¦o­Ì¸nªM¤j¤p ¦³¦^µª§Úªº¤H«Ü¦h §Ú¦b·Q­n¤£­n¼g¤@½g,3
¸`¥Ø®ÄªG,3
¨º­Ó¦h¥b¬O¦³¸}¥»¡B¦³¸g¹L°Å¿èªº¸`¥Ø,3
¾a­I¦n¦n¯º,2
¨º«½«½¦³½æ¶Ü,3
©ÊÄÌ¬O§i¶D¤D½×¡A·í¨Æ¤H·íµM¥i¥H´£§i,3
¦ºªÎ¤¡¨¤,4
¦pªG¥L¥Í®ð´£§i´N¬O¤pÎx±Y¼ì®ð¼P¼P «¢«¢«¢,4
¨S¦³§A³o½g¤åªº¸Ü§Ú¤]·|Ä±±o¦oÁ¿¸Ü«Ü¤£§´·í°Ú¡K´Nºâ¨â¦ì¨k¥Í¯º¯º¦^À³¤]¦³¥i¯à¥u¬O¸`¥Ø¤W¤£·Q¯}Ãa®ðª^¦Ó¤w,3
¤k¥Í¬O®³¨ÓÃdªº¡A¤£¬O®³¨Ó¥´ªº,3
§Ú°ê¤p°ê¤¤ ³£¨S¤k¥Í­n¸ò§Ú¥´¾x §Ú¤@©wª½±µ¦a©N °Ú_§Ú¨º®É§Ö¦Ê¤½¤ç,3
·F¥H«e¤p¾Ç¤k¥Í³£§â§Ú­Ì×H°©½ð¨ì·ï«C§Ú­Ì¤]¨S»¡¤°»òÿ,3
§Ú»{ÃÑªº¤p¾Ç¨k¥Í³£ÂI±Ó±¶ ¨SÂI¤O¶q©Ò¥H¥´¤£Ä¹¼É¤O¤k,3
§Úªº°ê¤¤¨k¦P¾Ç¤Ó¥®¸X¥Õ¥Ø ®`§Ú²¦·~¤§«á³£«Ü°Q¹½¨k¥Í ¤£¤Ó·Q±µªñ¨k¥Í ¥H¦Ü©ó§Ú°ª¤¤¨ì²{¦b°ò¥»¤W¨S¨k¥Í¦P¾ÇªB¤Í ¡]§Ú°ê¤pªB¤Í³£¨kªº¡^,8
¦]¬°¦pªG¥´¦^¥h·|³Q¥þ¯Z§ðÀ»&ªÀ·|©Ê¦º¤`§r,3
§Ú¥H«e¸ò¤k¦P¾Çª± ¤@¤£¤p¤ß®tÂI´N¦Õ½¤¯}·l¤F,3
¥H«e³£³Q¤k¦P¾Ç®º¨ì·ï«C ¦ý«Ü²n¡]¡H,3
»¡¹ê¸Ü°ê¤p°ê¤¤ªº®É­Ô¨k¥Í¥i¯à¥´¤£¹L¤k¥Í,3
²¦·~«á·|¦â©Ê¤jµo¡AºÆ¨g©ÊÄÌÂZªº°T®§ ¦Ó¥B¤£¥u¤@¨â­Ó¡A²{¦b·Q¨ì´Näú¤ß ¦b«ÊÂê¸ò´£§i¤¤±r«Þªº¨ººØµ{«× ¤£¹L°ê¤¤®É´Áªº¨k¥Í³£ÁÙ¤£¿à,3
°ê¤pªº®É­Ô¥´¨k¥Í³£¥´±o«Ü¶}¤ß,3
«Ü¦h¤k¥Í´N¬O¥MµÛ³o¼Ë¨Ó¾x¨k¥Í ¦]¬°§Ú´N¬O³Q®`ªÌ,3
¥xÆWªº¨k¥Í¯uªº¤j³¡¤À³£«Ü¦n_,2
§Ú°ê¤¤¨k¦P¾Ç¯À½è³£«D±`®t ¹ï¤k¥Í©ÊÄÌÂZ¤S«Ü³ßÅw¨¥»y§ðÀ»§O¤H,3
°ê¤¤¤@­Ó¤k¦P¾Ç®³ªá¬Ö¤p¥ÛÀY©ñ§ÚÀY¤W¡A §Ú©ñ¦^¦o®à¤W´NÂ\Áy¦â ¡A¥i¼¦§¾«Äª±¤£°_,3
§Ú­ÌÁÙ¤£·QªÀ¦º°Ú,3
¦ý¨º¨Ç·|¥´·|½|ªº³£¦³¤k¤Í¡H¡I,3
§Ú³Ì¿E¯Pªº¨¾½Ã¤è¦¡¬O¥Î¸}¾×¡A¦]¬°¨º­Ó¤k¥Í¾Ç¹L©ï®±¹D¡A¦Ó¥B¦o­n°Ê¯u®æ¡A¦o°Ê¯u®æ§Ú¤]¥u¦n°Ê¯u®æ¡AµM«á´N¬O¨â¤H×H°©¿E¯P¸I¼²¡AÂù¤èÁÙ¨S¨Æ¡A¯º±o«Ü²n,3
¨º¬°Ô£¥XªÀ·|´NÅÜ¤F,3
§Ú´N¤£Ä±±o¨º¨Ç¨k¥Í¥H¬°ªº²Ô¤h¬O¤@ºØ¬ü¼w ¹ï§Ú¨Ó»¡¨º¬O¤@ºØÏEÂê §V¤O´£¤É¦Û¤v¦¨ÁZ ¹B°Ê¯à¤OÁÙ¤ñ¸û¨ü¤k¥Í«C·ý,3
¥H«e°ê¤p¹J¨ì¤@­Ó¤k¥Í³Q¦Ñ®v»~·|°µ¹ú¡A§ÚÁÙ¦b¨ºÃä¦w¼¢¦o°Ç¡AµM«á¨º­Ó¤k¥ÍÁÙ­ú¶WºGªº¡A§Ú´NÀ~­Ó¥b¦º¡A¦n¹³¬O§Ú°µ¿ù¨Æ¤@¼Ë¡A²{¦b¬Ý¨ì¤k¥Í­ú¯uªº·|µL·P©O,3
§Ú³£¥´¤k¥Í§¾ªÑÃg»@¦o­Ì,3
§Ú°ê¤¤³Q¦P¯Zªº¨k¥Í¥Î¤O´~¹L¨{¤l.......,9
±q¤p³£¬O³Q¶ý¶ý¥´ ÅÜ¦¨°ê¤p°ê¤¤³Q¤k¥Í¥´¥i¯à¤]¤£·|«ç¼Ë§a¡K¡K,3
¥h¬~¸J,3
¦ý§Ú¹J¨ìªº²Ô¤h¬O¥t¤@ºØ²Ô¤häM,6
§Ú­Ì¯Z¨k¥Í¥u·|¥s§Ú¤p­D¤l ¦n·x¤ßÁÙ¥[¤@­Ó¤p,8
¥H«e«Ü°Q¹½°Ê¤£°Ê´N¥´¨k¥Íªº¤k¦P¾ÇÕÙ ¤£À´·F¹À³o¼Ë ¬O­n§l¤Þª`·N¶Ü¡H ¬Ý¨k¥Í³£ÀqÀq§Ô¤UÄ±±o«Ü¥i¼¦,7
§Ú¥H«e³£³Q¤k¥Í®º³Q¤k¥Í¥´ ÁÙ¤£¬O¼õ¹L¨Ó¤F,3
­n¬Ý¨k¥Í¤ßÆF¦¨¼ôªºµ{«×... °ª¤¤ÁÙ¬O¦³¨k¥ÍÅQ­â¤ñ¸û¤£¦n¬Ýªº¤k¥Í,3
¥i¯à§Aº¡¥¿ªº ©Î¬O §A¹J¨ì³£¬O¦³®a±Ðªº«Ä¤l,3
°ê¤p°ê¤¤¨k¤k¥Í°ò¥»¬O¤£¦P°é¤lªü¡A°£«D¦³¨ººØ¤ñ¸û¦nªº¤p¹ÎÅé¤~¥]§t¨k¤k¡A°£¤F¤Ö¼Æ©Ê¦­¼ô,3
±q¤pª¨ª¨´N§i¶D§Ú­Ì ¨k¥Í­n«OÅ@¦n¦Û¤v,3
¤k¥Í¸Ó¥D°ÊÅý¨k¥Í¨«¤º°¼ ¨k¥Í¬O®³¨ÓÃdªº ·|³o¼Ëªº¤k¥Í¦n¶K¤ß,3
»¡ªÌµL·N¡AÅ¥ªÌ¦³¤ß¡]¡]¬O³o¼Ë°á¶Ü¡H,3
¤j®a¤@°_°h­q°Ú «V°d¥xÆW¹ê¦b¤Ó¹L¥÷¤F,3
¨ä¹ê§ÚÄ±±oÁÙÆZÁo©úªº..... ÂÇ¥Ñ³o¦¸¾÷·|°µ¤@­Ó§K¶O¼s§i ²¦³º«e°}¤l¯uªº¤£¦n¶R¬O¨Æ¹ê,6
§ÚÄ±±o¶W¦n¯º­C,6
¥uÄ±±o¤j®a¬O¦b»{¯u¤°»ò,8
¥xÆW¸q©M¹Î,3
¶Ì²´ ³s¯º¸Ü³£¶}¤£°_¡H ¤H¥Í¨ì©³¦hµL½ì°Ú,8
¤p¯»ºñ¥u·|»¡¤p¯»¬õ¬Á¼þ¤ß µ²ªG¦Û¤v¤]®¼¬Á¼þªº,8
¤p¯»ºñ¤ñ¤p¯»¬õÁÙäú,8
ªGµM¦P¤å¦PºØ¡A°Ê¤£°Ê´N¥X©º,8
»s§úºñ³I¡A¾ã¤Ñ·NÃÑ§ÎºA¡A®Ú¥»ªÀ·|¬r½F,0
¥X©ºªº¤H¤]¤Ó±Ó·P¤F§a¡A§Ö­n»°¤W°Ê¤£°Ê´N³Û°dµØªº¤p¯»¬õ¤F ´N¥u¬O­Ó±ð¹Ï¦Ó¤w¡A¯uªº·QÃÒ©ú§Ö¿z®e©ö¶R¨ì´N©ç±i¶W°Ó½æ§Ö¿zªº·Ó¤ù©Î¯d­Ó¨¥´N¦n¡A¦]¬°³o¼Ë³Û°h­q¬Æ¦Ü­n§ë®Ñ°ê¥~ªº¥uÅý¤HÄ±±o²ö¦W¨ä§®,0
£~³o´N¬O¶ðºñ¯Z¥xÆW»ù­È¤Uªº¨¥½×¦Û¥Ñ¶Ü,0
¤p¯»¬õ³á¡H³o»ò±Ó·P,8
«Ü¹³ÀsÀs¨Æ¥ó ¤@ª½¶}ÂÅ¥Õ¬Fªv±ðªºª±¯º ½ü¨ì¦Û¤v³Q¶}´NÃz®ð,8
®M¥y¥L­Ì³Ì·R»¡ªº.´¼¤O´úÅç°Õ¡C§Ú¬Ý¦b©è¨îªº¤~¬Oÿ.,3
´N¬Ý¨ì®É­Ô¯uªº°h­qªº¦³´X­Ó §ï¤Ñ¦pªG¤S¥X²{¯«¼@ ¤j®a¤S·|¸ò­·­q¾\°_¨Ó¤F ,3
ºñ¯»¥X©º¡A¤o¯ó¤£¥Í,3
§Ú­Ì¤f¤¤»¡ªº¥Á¥D»ù­Èÿ.,8
¬YºØµ{«×Åé²{¤F¨â©¤¤@®a¿Ë¡K¡K´N¥X©º³o¥ó¨Æ±¡¦Ó¨¥,3
ÁÙ¯º¤¤°ê¤H¬Á¼þ¤ß¡A¦Û¤v¤]ÆZ¬Á¼þªº,8
¯º¦º¤@¸s¼oª«¥u·|¥X©º,8
¬Ý§¹¤@°ï³ø¾ÉÁÙ¬O¤£ª¾¹D¬O¦b¥X©º¤°»ò ¦³°÷¥áÁy,7
¥xÆW¯u¦h§CºÝ¤N¥Á Ãø©Çºô­¸¤£·Q§ë¸ê¥xÆW©ç¤ù,7
§ÚÄ±±oÆZ¦n¯ºªºªü,6
­ì¨Ó¤£¬O¥u¦³§Ú¬¡¦b¥­¦æ®ÉªÅ ¬Ý¨ìµo·s»Dªº¨º¤@¨è¡G¶â¡H¶â¡H¡H¡H¡H¡H ¥­±`¤j®a°g¦]®É¨Æ±ðª±¨º»ò¥û «ç»ò¬ðµM¶¡ÅÜ¦¨ª±®É¨Æ±ð¤Ñ²z¤£¿Ä ³s¦aº»±ð³£¥i¥H±µ¨üªº¥xÆW¤H ­ì¨Ó¤]¦³¤£¯à±µ¨üªº®É¨Æ±ð°Ú__,3
®Ú¥»´N¬O¤p¯»¬õªº¦æ¬° ¥u¬OÅÜ¦¨ÁcÅé¦r¦Ó¤w,3
¤p¯»¬õ¡×¤pºñ¦@¡G¬Û«HÄÒ¡A¬Û«H¯ª°ê,3
¿ð¦­³£­nÂù¼Ðªº ¤£¦p¦­Âù¦­ÂI²n,3
¶ðºñ¯Z¬Á¼þ¤ß°Ú¯º¦º,8
ºñ¦@«ä·Q¤£·N¥~¡A»¡§O¤H¥i¥H§O¤H»¡§A¤£¦æ¡A¯uªº¤£­n¦A¯º¤°»ò¤p¯»¬õ¤F¡A³£®t¤£¦h,8
¶W¦n¯º,2
°Ó·~¤½¥q¸I¬Fªv±ð¥»¨Ó´N®e©ö¦³¤½Ãö¦M¾÷ ­þ®a¤½Ãö¤½¥q³o»ò¤Ñ¤~°Ú,3
§¹¤F§¹¤F§ÚÁÙ¥H¬°³o¬O¤¤°êªºªÀ¸sºô¯¸«¨,8
¨¥½×¦³­­°ê®a ¦n¹³¥á¤@­Ó«K·í¤@°ï¬y®öª¯·m­¹,3
ÕÙ¤£¬O_§ÚÁÙ¥H¬°§Ú¦b¤¤°ê®º¡I ³oºØ¦æ¬°¸ò¤p¯»¬õ¦³¤°»ò®t§O¡H ¤S¤£¬O¤°»ò¤j¨Æ¡A¤£­n¥áÁy¥á¨ì°ê¥~¦n¶Ü,8
¥xÆW¯uªº¶V¨Ó¶Väú¤ß ·N¨£¤£¦P´N¨¥»yÅQ­â ¦Ó§Ú­Ì³Ì¤Þ¥H¬°¶Æªº¥Á¥D ¦p¤µ«o²_¬°§Î¦¡¡A¤H¥Á«h¦¨¬°¥Áºé §Ú¯u¤ß¤£»{¬°ªÀ·|¤@ª½»s³y¹ï¥ß ¯à±aµ¹¥xÆW¤H¥Á¤°»ò¦n³B §ó¤£»{¬°¨¥½×¦Û¥Ñ¬O¥Î³oºØ¤è¦¡¥hªí²{,8
¦³ºØªº´N¤£­n¬Ýªü ³o»ò¤£´±­±¹ï²{¹êªü,3
ªü´N¯uªº°Ú ÁÙ¤£¯à»¡³á,8
ºñ¯à§A¤£¯à,8
­«ÂI¯»µ·±M­¶³£¤w¸g§R¤å¤F ¤@°ïÁÙ¦b°l±þ¤H®a »¡ µ¹­Ó¥æ¥N ¬O­n¥æ¥N¤°»ò¡H,8
¬Á¼þ¤ß,4
°d¥x°Õ,4
©ñ¤ß ¨º¨Ç¶ðºñ¯Z³£¬Ýµsª© ¦b¨º³Û¤°»ò°h­q°Õ,3
¤@°ï¬Á¼þªü,4
¤@°ï½a¤H¨S¿ú­q¾\¤]¦b³Û°h­q,8
¶ðºñ¯Z¶W·Ð,8
§ÚÄ±±o¤@°ï¤H¤Ó»{¯u¤F ©ú©ú¥­®É¤@°ï¦aº»±ð³£¨S¦b¨ºÃä¥s,7
«Ü©úÅã°Ú ¶ðºñ¯Z­n¿ïÁ|¤F,8
¦~©³­n¿ïÁ|¤F ¤S¥i¥H¬Ý¶ðºñ¯Z°¼ÁlÁ­½¸¦UºØ¨q¨ì¦~©³Åo,8
¥i¼¦¬Á¼þ¤pºñºñ,8
§ÚÄ±±o¬O¯»±M¤Ó¥Õ¥Ø ,7
ÁÙ¦³©ú¤Ñ «Ü¦n¬ÝÕÙ¡]¿ù´× ¹ï¤£°_ÿ,3
«s¡A¦³°÷¥i¼¦¡K®Ú¥»¬Á¼þ,8
¥u­n»¡ÄÒªº¤£¬O´N»¡§A¦b³yÁÁ ´N¬O¦â¹H¤p¯»¬õªü ¤¤°ê¤H¸ò¥xÆW¤HªGµM¦P·½¦PºØ,8
¶ðºñ¯Z¥X©º ¤o¯ó¤£¥Í,0
¥L­Ì´N¬O¤@¸s¥H¬°¥i¥H¸Ñ±Ï¥xÆWªº¸q«i­x¡A¤@­Ó¸s²Õ¤º¡A·|¦³ÀYµo©R¥O¡A´N·|¦³¤@°ï¸òÀHªÌ¥X©º¡A¦­´N¬Ý³z¥L­Ì¤âªk¤F,8
¥xÆW«e°}¤lªº½T¶R¤£¨ì§Ö¿z°Ú ¤@­Ó±ð¹Ï¦Ó¤w´N­n¥X©º¦³°÷¬Á¼þ¤ß §¹¥þ¦³¹ï©¤¥X©º°dµØªº§Yµø·P,3
¦n¦n¯º ¬Á¼þ¸H¤F,8
¯»±M³á ºô­x¶R£¸¶R´N¦n°Õ,8
...«ç»ò¸ò¤p¯»¬õ¤@¼Ë,8
§Æ±æ¤£­n¦]¦¹©Ù·Ù¤p½sªº«ÕÀq¾k ·í¦aº»±ð¯º¤@¯º´N¦n¤F¹À §Ú®a¦í°ª¶¯­XÛ_´N¯uªº¶R¤£¨ì§q,3
¾ã¤Ñ§è®É¶¡ÂI¯uªºäú¤ß 228¸ò64¹L¨º»ò¤[ÁÙ¤£¬O¾ã¤Ñ®ø¶O ²{¦b³o»òªñªºÁÙ®ø¶O¤£°_¤F¡H,3
¯uªº¶W¥i¼¦,4
¬Ý¬Ý³o¨Ç¤H´N¬O¥­®É¦b¼J¯º¤p¯»¬õªº§C¯à¶ðºñ¯Z¡A§A¼Q¨ì¥L¥D¤H¤F·íµM«r§A,8
§Ú²{¦b¤~ª¾¹D ­ì¨Ó³o»ò¦h¤H¯uªºµL¸£®¼ºñÕÙ ¦n¥i©Èÿ¬Ý¬Ý¨º¨Ç°¼Ál¯»±M ¦³°÷äú¤ß,8
­è­è¬Ý§¹¨º¤ä¼v¤ù¡A§Ú¬O»{¬°ÁÙº¡¦n¯ºªº¡Aµ·²@·P¨ü¤£¨ì¡u´²§G®£·W¡vªº±¡ºü¦b°Ú,7
¶W¦n¯º ³Û°h­qªº¦³¨S¦³­q³£¤£ª¾¹D ¤£µM°h­q¤@¤Ñ¤]¬O°h­q°Õ,8
¦pªG¤µ¤Ñ°õ¬Fªº¬O°ê¥ÁÄÒ©Î¬O¨ä¥L¬FÄÒ¡A§Ú¬Ý¨º¨Ç¯»±M·|ºÆ¨gÂàµo¡C ªGµM¬Oºñ¦@¤@®a¿Ë,8
¤n«C©è¨î¬Ý¬Ý¦³¨S¦³¶R¤@°e¤@,3
§åµû¬F©²¡A°²±b¸¹´N¤j¶q¥X²{¤w¸g¬O±`ºA ¯u§Æ±æ¬F©²°µ¨Æªº®Ä²v¡A¥i¥H¸ò³o¨Ç°²±b¸¹ªº®Ä²v¾Ç²ß,8
­n¦³¦h¬Á¼þ¤ß¡A¤£»¡§Ú¥H¬°¦b¹ï©¤,8
«e°}¤l½T¹ê¬O¤£¦n¶R§a ¿ù´N¿ù¦b³o­Ó¼v¤ù¤Ó±ßpo¤F,6
Ä±«C¥X©º ¤o¯ó¤£¥Í,8
©U§£¼oª«ºñ²Ê,4
¤Ó¥ÕÃ¨¤F§a ¦Û¤v·R±Æ¶¤ ³Q°µ¦¨°g¦] ¤]­n¾a¥_,7
·d¬FÄÒªº³£¬O­´µæ ¤H¥Á¤]¤@¼Ë,3
°Ú´N¤@°ï®a¸Ì¦º¤Hªº©t¨à ¦Û¤v¶ý¶ý¦º¤FÀH«K§ä­Ó¦a¤èµo¬ª ¶ã¶ã¥i¼¦__,4
°¨ªº¬O¤£¬O­n§ÙÄY°Ú,8
³o¦nµL²á¡K,7
¶W¥áÁy¦³°÷¬Á¼þ Ä~Äò­q¾\¦³°÷­»,3
ºñ½Ã§L¤w¸g¤ñÁú¯»ÁÙ·¥ºÝ¤Fÿ,8
¥u¬O¤@­Ó°g¦]±ð ¤£ª¾¹D¬°¤°»ò¨º»ò¦h¤H­n¥X©º ¬O³£¨S¨Æ±¡°µ¶Ü,7
¨D¬Á¼þ¤ß§Ö°h­q,3
¦â¹H¤p¯»¬õ°Ú ¦³°÷¥i¼¦ ¯uªº¨S¸ê®æ¼L§O¤H¬Á¼þ¤ß£°,3
¨º­Ó½äÂÅªº¯uªº¬Oºñ¨ì¬Ý¤£¤U¥h,8
»¡¥X¬F©²ªºµL¯à´N³Q¥X©º¹G¹Dºp ¥xÆW¬°¤°»ò·|ÅÜ¦¨³o­Ó¼Ë¤l¡K,8
§ÚÄ±±o­n¬Ýºô­¸µo¤å®É¶¡ ²{¦b¶W°Ó/¥þÁp³£¦³³fªº±¡ªp¤U ºô­¸µo³o­Ó¤å¤£¤Ó¾A·í (·|¤£·|¦³¤H¬Ý¨ì§Ú«ü³dºô­¸´N¥H¬°§Ú¤ä«ù¨º¨Ç°¾¿E¤H¤h?),8
³o¦~ÀY¤p½s¯uÃø°µ ¦ý¤p½s«Ü¦³±ð¡A§Ú­nÄ~Äò°lÂÜ,6
«ç»ò¦³ºØÁú®a­xªº¬Jµø·P,3
¤£¬O°Ú ¶W°Ó½æ³õ¤£¬O´N¶R±o¨ì¤F¶Ü,3
¥­®Éª[µø­ì¦í¥Á¡B«È®a¤H...µ¥¦aº»±ð¡A ³£¨S¨º»ò®ð¡A §Ö¿z¶R¤£¨ì±ð¹Ï´N®ð¦¨³o¼Ë¡A ¦b¨ºÃä¥s»¡°h­q¡A »¡¤£­nÄ±±o¥xÆW¦n´Û­t¡A ¯uªº¸ò¤p¯»¬õ¨S¤°»ò¨â¼Ë,8
©ú©ú´N¬O¤§«eªº¨Æ¹êÁÙ¤£Åý¤H»¡¤F¡H,3
¶}¤£°_ª±¯º,8
¨ì©³­n¦h¬Á¼þ¤ß¤~·|³Q³o­Ó¿E«ã¡H,8
ÁÙ¹G¤H®a¹Dºp¡K¡K ³o¸ò·íªì¹G¤l·ì¹Dºp¦³¤°»ò¨â¼Ë==,8
ªü°h­q¤F¥H«á¤p¯»ºñ¬O­n¥h¬Ý¤¤°êµsª©ªº¶Ü,8
¸ê°T¹L®É´N¤£¯à®³¨Ó·í·s»D¤F¡A¯»±M¦³¿ù¤ð±e¸mºÃ¤£¥ÎÅ@¯è¡A¦ý¬O¥L­Ì§R¤å¹Dºp¤F¤]¤£¸Ó³Q¥X©º¡A¤j®a¤¬¬Û­ì½Ì¦U°h¤@¨B´N¬O¤F¡C,3
ºñ¯»Ä±«C¯uªº¦³¯f,8
¶ðºñ¯ZÄ±«C¯uªº¦Û¥H¬°¤£¥i¤@¥@°Ú¡H,8
¥i´d¤p¯»ºñ¾ã¤Ñ¼L¯¥¤¤¦@ ®í¤£ª¾¥L­Ì´N¬O¤¤¦@¤Æ³ÌÄY­«ªº,8
¥u¯à»¡ ºñ¦@¥X©º ¤o¯ó¤£¥Í ¯}Ãa¥Á¥Dªº´N¬O³o¨Çäú¤ß°¼Ál©Mºñ¦@°Õ¨þ¨þ¨þ,8
ºñ¸£¯»¤£²n´Nºu¨ì¤¤¦@°ê¦n¶Ü ¥u­n®³§A­Ì¤O®¼¤p­^ªº´¼»ÙÅÞ¿è¤O®¼ºû¥§¦Y­»³Ü»¶¤£¥Î©ÈÕÙ §â»OÆW·d¦¨¦@²£¥D¸q¦A³Û¦Û¤v¥Á¥D¯uªº¤j¥i¤£¥²,8
Âû¶ô´«¶¼®Æ,3
¤£¬O¨SÁ¦±ø§aÿ.¥u¬O¼È®É°±½æ¦Ó¤wÿ¦Aµ¥µ¥§a,3
§Ú«e¤Ñ¦³¦Y¨ìÁ¦±øÕÙ ÁÙ¼ö©I©I²{¬µªº ÂIÀ\ªº®É­Ô©±­ûª½±µ»¡ §Ú­Ì¦³Á¦±ø³á(·L¯º,2
­è­è¤~¦Y§¹¤@¥]Á¦±ø,3
³Á·í³ÒÁ¦±ø¬O§Úªº·R°Ú¡K Á¦±øªg¦B²N²O¶W¹ï¨ý____,2
²¢¤ß¥d§Ú³£¥u¥Î¨Ó¦YÁ¦±ø§Ö¼ÖÀ\¦Ó¤w,3
«e¤Ñ¶R¤F¤jÁ¦+¤pÁ¦,3
Âû¶ô°Ú,3
¤µ¤Ñ¤ÈÀ\¦Y®MÀ\¥[¤jÁ¦ ¦A¥Î²¢¤ß¥d¶R¤F¨â­ÓÁ¦±ø Á¦±ø¦Û¥Ñ¦n¶}¤ß,2
¥i¥H¶R¤jªM¨T¤ô·f°t¤jªM¨T¤ô,3
§A¸ê°T§ó·s¦³ÂIºC,3
¤°»ò¨SÁ¦±ø §Ú¤j«e¤Ñ¸ò¤µ¤Ñ¥h¶R³£¦³°Ú «¢«¢¯u­»,2
§Ú­è­è¥h¶R ±Æ§Ú«e­±ªº¤j¶ý¯uªº¶R¤jªMºñ¯ù°e¥t¤@ªM¤jªM¤°»òªº §O¥H¬°¨S¥i¯à,3
º~³ù¤ýªºÁ¦±ø¤£¦æ¶Ü¡H,3
ºÃ §Ú¤µ¤Ñ¥h¶R ¦³Á¦±ø§r,3
¦³¤F°Õ ¬Q¤ÑÂI¥~°e´N¦³¤F,3
¤µ¤Ñ¥x¤¤«n°Ï¦³°Ú,3
§Ú·|¿ïÂû¶ô/¥É¦Ì´ö°tÁ¦»æ,3
©Ò¥H¾Ç¥ÍÃÒ´N¥i¥H·í²¢¤ß¥d¥Î¤F½ÖÁÙ­n¶R²¢¤ß¥d,3
­Ó¤H¬OÄ±±o¨C¦~³£¾a½æ¹êÅé²¢¤ß¥d¨ÓÁÈ¤@ªiÆZ¤£Àô«O,3
Á¦±ø¤£´N°±½æ¨â¤T¤Ñ¦Ó¤w¶Ü,3
§A¬Ý¤@¤U²¢¤ß¥d¼gªº²Ä¤­ÂIÿ,3
¥i¬O§Ú¬P´Á¤»¥h¶R´N¦³Á¦±ø¤FäM,3
¤k¥Í¤ñ¸û·R°®²b¡A¦Ó¥B³q±`¨k¥Í·|±a©f¦^®a°Ô°Ô¡A©Î¬O´c²ß¤ñ¸û¦h,3
¤k¥Í±JªÙ´¶¹M¤ñ¸û¦wÀR¤]¦w¥þ ¦Ó¥B«Ü¦h¨k¥Í¥b©]·|¥´¹CÀ¸«Ü§n,3
·|«á®¬ªº,8
²{¦b¤£¬O¨SÁ¦±ø¤F¶Ü¡H,3
±q¯Ê³f«á¶R¤jÁ¦µo²{¯uªº©úÅãÅÜ¤Ö,3
§Ú¬Q¤Ñ¦Y¤]³o¼Ë,3
¤jÁ¦¥÷¶q¤Ö¤£¬O¤w¸g¬O«Ü¤[ªº»¡ªk¤F¶Ü,3
­è¨ì³f´N¤@°ï¤H³ø´_©Ê¥h¶R·íµMÁÙ¬O·|¯Êÿÿ,3
¦Û¤v°½¦Y´X®Ú¦A©ñ¤W¨Ó¡A³o¼Ë¤]¯àµo¤@½g³á,3
º~³ù¤ýÁ¦±ø¶R¤@°e¤@¡A¤£¦Y¶Ü¡H¥÷¶q¤ñ¸û¦h,3
§A³o¨Ç·Qªk¬O¸ò§d©v¾Ë¾Çªº¶Ü ¤£¹L§Ú¤]¤£·|¸I¦³ºë¯«¯e¯fªº ¨â­Ó¦³¯fªº¤H¤@°_¥u·|§óºG,8
³oºØ¨k¥Í¤]¤£­n¸I¡A¸I¹L§A¤W­z³o¨ÇÁÙ¥[¤W¶ýÄ_ÄÝ©Êªº¨k¥Í¡A¯uªºÀY³£­nµh°_¨Ó¤F,8
¤£¬O¨C­Ó¨k¥Í¤k¥Í³£­È±o¬Ã·Rªº¡A­n¦Û­«,5
¥ý¤£ºÞ¼~Æ{¯gªº¦¨¦] ¦ý¬O¦³¼~Æ{¯gªº¤H¤@©wµ{«×¤W´N¬O¤ñ¸ûÃø·d ¥æ©¹§xÃø¡A·Q­n¤À¤â¤]§xÃø,5
·|³o»ò»¡¡AÀ³¸Ó¤]¦³³¡¤À¬O¦]¬°¦Û¤v¤£°÷±j¤j§a ¡]¶V¯Å¥´©Ç¡H¥Î¦b³o¹ï¶Ü,5
¬Fªv¤£¥¿½T¦ý¯u¹ê ¥u»{¦P²Ä¤G¬q,3
¼~Æ{¯g¤S¤£¬O¦Û¤v·Q­nªº¡A³o¼ËÁ¿´N¤£¹ï¤F§a,3
©Ê§O¿ù»~ ·Ç³Æ³Q¼QÄê,0
¹ï¤£°_§Ú¦³¼~Æ{¯g §Ú«Ü¦³¦Ûª¾¤§©ú¤£·Q©ì²Ö§O¤H,3
§Ú¦³¼~Æ{¯g³y¦¨¥¢¯v»ÙÃª¡A¦ý¬O§Ú»{ÃÑ¨k¤Í«á¡A§Ú¥¢¯v³£¦n¤F¨k¤Í¤]¨S¦³¶û±ó¹L¤°»ò£°,7
§A¯uªºÆZ¦Û¥H¬°ªº¾k ¤k¥Í­Ì¤d¸U¤£­n¸I³oºØ¨k¥Í,0
§d©v¾Ëµo¤å¡H¡H¡H,8
¯u¦nÕÙ §Aªº¤H¥Í¤@©w¹L±o«Ü¶¶¹E,2
§A¦Û¤v¿ïªº¡A©Ç½Ö¡Aµ²±B³o»ò­«­nªº¨Æ¡C,8
¿ï¨ì³oºØ¤]¤£®e©ö°Ú¡K¡K,8
§A·íªì¤S¬O¥Î¤°»ò¤ßºA¿ï¤W¦o°µ¦Ñ±Cªºÿ¡H,3
·PÄ±¬O¨ì¤F±BÄÖ »°Àn¤l¤W¬[¿ï¨ìªº,8
³oºë±mµ{«×³ô¤ñ¤KÂIÀÉ,8
¶â...¤£À´·Qªí¹Fªº·N«äÕÙ ¬O¥X­yÁÙÄ±±oªgªg¦Û³ß »{¬°¦Û¤v°µ¥X¹ïªº¿ï¾Ü¶Ü ¦pªG§AÄ±±o¦oªº¦æ¬°´c¦H Ãø¹D¤£À³¸Ó¥ýÂ÷±B³B²z¦n¤~¶i¤J¤U¤@¬q·P±¡¶Ü ¦]¬°§O¤H¥Ç¿ù¡A©Ò¥H§Ú¤]¥i¥H¥Ç¿ù ³oºØ»ù­ÈÆ[¥»¨­´N¬O¸Ó³Q§åµûªº°Ú......,7
¤w¸g³o»òºG¤FÁÙ­n³QÀË°Q °ÝÃD¥X¦b­þ ¬O©Ê§O¤£¹ï¶Ü,3
»°§Ö³B²z¦n¡A­«·sªï±µ¦Û¤vªº¤H¥Í¡C,5
§A¤]¥i¯u·|¿ïÕÙ¡A¨ü¤£¤FÃÒ¾Ú·j¤@·jÅç¤@ÅçÂ÷¤@Â÷¡AÁÙ­n·d¦Û¤w¤]¨Ó¼A»L¡A¬Ý¿Ñ,8
¤T¥ßÅwªï§A¨Ó«È¦ê¼A»L¤uµ{®v,8
¦³°÷ºë±m,3
¤Hµ½³Q¤H´Û¡A°¨µ½³Q¤HÃM¡C,8
³á¬O³á ¥Í¬¡¹L¦¨³o¼Ë¤]¬O¤£Â²³æ ¶Q°é¯u¶Ã,8
¨ä¹ê§ÚÄ±±o§A¤£¬O¦Û»¨¡A¬O¦]¬°§A³Q¶Ë¹L¤F¡AÄ±±o³o¼ËÁ¿¹ï¦Û¤v¤ß¸Ì¤ñ¸ûµÎªA¡A¦ý¨ä¹ê§A¬OÃø¨üªº¡C ¨S¨Æ_¨S¨Æ_¤U¤@­Ó·|§ó¦n¡A¯¬§A¤U¤@­Ó¤H¥Í§¹¬ü,5
§â§A¬Ý¹Lªº¤å³¹«÷´ê¦b¤@°_´N¤@½g §Ú¨S¬Ý¹L¾xÂ÷±B®Q®a¥´¤Hªº ¦Ó¥BÁÙ¬O§A¥X­y ¬G¨Æ¤]¤£½s¦n¤@ÂI §ó¦hªº¬O®Q®a¦³°]¤O¾i¤k¨à¤@½ú¤l ¨S¥²­n¸òµÛ§A³o´í¨k¦Y­W,3
³ø´_©Ê¼A»L,3
®³©ì¾c³s¥Ï¦o¦Õ¥ú³o¥y§Ú³ßÅw,6
³o§Ú¤£»{¦P ¤@¶}©l¬O§A­n¾ß¦^¦¬ªº­C ·Q·Q¤£¹ï«l¡H,7
¨º¤p¤T·|Ä~Äò¥X­y§a,3
¦n°Õ ¦n´Î ÀY¤W¤@¼Ëºñ ÁÙ·QÀ°¼A»Lªº¤uµ{®v¬~¥Õ ¥i¥H¤U¥h¤F,8
¸ê·½¦^¦¬ºG,8
¨ä¹êÅª¨ì¬ã¨s©Ò«á¯uªº¨S±o¦n¿ï¡A°ª¤¤¤j¾Ç¨S¥æ¬Oµ´¹ï¬O¿ùªº¡C ¨­Ãä»{ÃÑªº¤k¥Í¡A¨C­Ó²{¹ê¨ì¤£¦æ¡A°ª¤¤¤j¾Ç¤£À´¦^¦¬·~ªÌ¡A²{¦b¯uÀ´¤F¡C,3
·Qª¾¹D·íªì¤p¤T¤]¬Oª¾¹D§A¦³¦Ñ±Cªºª¬ºA¤U¸ò§A¦b¤@°_¶Ü¡H ¨º¤Ï¹L¨Ó·Q¡A§A©M¤p¤T­×¦¨¥¿ªG«á¡A§A¤£·|Ä±±o¦o¤]¥i¯à³o¼Ë¥h·í§O¤H¤p¤T¶Ü¡H,3
©¯¦n©¨¤÷©¨¥À¬O©ú²zªº¤H ´¡­ÓÃD¥~¸Ü¡A¤p«Ä¤£¬O§Aªº³o¼Ë§A¥i¥H§i¦o¶B´Û¶Ü¡AÂ÷±B«á§AÁÙ»Ý­n­t¾á¤p«Ä§ß¾i¶O¶Ü¡H,5
¦Û¤v¿ïªº©Ç½Ö¡H°Ú¦o¼A»L¬O¿ù»~¡A´N¥i¥H¦X²z¤Æ§Aªº¥~¹J¶Ü¡H¨â­Ó¤@¼ËÄê°Õ,8
³o»{¯uªº¶Ü= = ¼A»L¼A¨ì§â¦Ñ¤½¨ì¥ÕÃ¨¥Í¤@­Ó¤p¤ýªººØ¤]¤Ó§è¤F§a,0
¨º¸Ìªº©U§£,4
¨¯­W§A§Ô¤F³o»ò¤[¡A¯¬§A¥¼¨Ó©¯ºÖ,5
»¡«ç»ò¬Ý¤Wªº¡H ¤@©w¬O¸gÅç«ÜÂ×´I©O ¼H¼H ¨Ï¥Î²v¤£ª¾¹D¦p¦ó¡H,3
¤£¬O°Ú ¨âÃä³£¼A»L­þ_¯àÅº¶Æ¨ì®³¥X¨Ó»¡¼L°Ú ¤ñÄê¦³¤ñ¸û°ª©|¶Ü,8
¬°¤°»ò¤£Â÷±B¦A¥æ¤k¤Í¡H¥~¹J¸ò¾D¹J¤£¯à¹º¤Wµ¥¸¹ÕÙ¡K,7
¼A»L¬O¤£¦n°Õ¡A¦ýÁÙ¬O®¥³ß²æÂ÷´í¤k ¤£¹LÄ@·N·í¤p¤Tªº¤k¥Í³q±`¤]¬O¨S¦n¨ì­þ¸Ì¥h§a...,5
¦n³Ð §C¥d¤@¥b³£¬O,3
¥i¼¦ ¦^¦¬,8
¥S§Ì°µ±o¦n,5
¨º¬O¤£¬O¤uµ{®v¾Ü°¸³£¦³°ÝÃD¡H¬Ý¨ì·s»D¤W«Ü¦h³QLine¶BÄF¦Ê¸U³s­±³£¨S¨£¤Wªº«Ü¦h¬O¤uµ{®v,3
­«ÂI¬OÂ÷±B¨S°Ú,3
«e©d¤@©w«Ü¥¿,6
²Ä¤@¥ô©M²Ä¤K¥ô¯uªº§Ö¯º¦º,2
³s¤p«Ä³£¤£¬O¦Û¤vªº ¤Ó§è¤F,7
·Qª¾¹DÂ÷±B¤F¨Sªº«áÄò¡AÁÙ¦³§A¾i¤£¬O§A¤p«Äªº©Ò¦³¶O¥Î¡A¦o¦³¨S¦³¨º­Ó¿ú¦R¥X¨ÓÁÙ§A¡C,3
§A­n¸ò§Úµ²±B¶Ü §Ú¦n·Q¸ò¤uµ{®vµ²±B¶ã¶ã,3
³q±`´NÁÂÁÂºC¨«¤£°e,3
ª½±µ«ÊÂê§O®ö¶O¤j®aªº®É¶¡,8
ª½±µªí©ú¨S·PÄ±§a ©ì¤U¥h¹ïÂù¤è³£¤£¦n,7
´N»¡¤£¬O§Ú³ßÅwªº,3
¤U¦¸¨£­±±a¨k¦ñ¥h´N¨S°ÝÃD¤F,3
·Q´L­«¹ï¤è´N¸Û¹ê§iª¾§Aªº·P¨ü¡A¤]³\¥L·|§ï¡C¦pªG·Qª½±µ©ñ¥Í¤]ºÉ¶qÂ§»ªÂI¡A¦n»E¦n´²¨S·Ð´o,5
¥s¥L§Oµs·Ó,8
©Ò¥H§Ú³£¥Î¨S·Ó¤ùªº ´N¨S³o­Ó°ÝÃD¤F,3
§A­Ì­×¹Ï¤]­×Ãz§a,3
§cÿ Ä±±o·í¤U´NÀ³¸Ó§â¯u¥¿·P¨ü§i¶D¹ï¤è,3
ª½±µ«ÊÂê ¹ï¤è´Nª¾¹D¤F,3
¬O¤£·|©Úµ´¡H,8
§äÂÇ¤f»¡¦³¨Æ±¡ÿÿ µM«áºCºC²H±¼ ¤§«á¬ù§A §A»¡¨SªÅÿÿ,3
®t«Ü¦h¥Nªí¹ï¤èµs¹Ï,3
«e°}¤l¹J¨ì¤@­Ó¬Û¤ù¤H¼Ò¤H¼Ë ¨£­±¥þ¶Â¥[¤â®³¥],3
»¡¤£©w¬Oµs·Ó¤ù ¤p¤ß¾¾,3
ÁöµM«Ü¥i¼¦ ¥i¬O¤Ó¦n¯º¤F,2
©ú©ú¼é¤ô°h¥h´N·|ª¾¹D½Ö¨S¬ï¿Ç¤l ¬°¤°»òÁÙ¯à¤£±oÅéªº¥Xªù¨£­±§r¡H,3
¬O§Úªº¸Ü´N±K¥L¡u§A¤]®t¤Ó¦h¤F§a¡vµM«áª½±µ«ÊÂêªü¡I¡I¡I¡I·F¹ÀÁÙÄ~Äò¦^,0
¥i¥H°Ý¬O­þ­Ó¥æ¤Í³nÅé¶Ü §A±Ô­zªº¸ò§Ú¹J¨ìªº¦³¹³ ¦³­n¬ù¨£­± ©È¦º,9
¬ù¥X¨Ó·Q·F¹À£~,8
¬°¤°»ò­n»¡Ãzªíªº¤À¼Æ ¸Û¹êªº»¡¦Û¤vªº·PÄ±´N¦n ¯uªº¤£­nµ¹³oºØ¤H¦Û«H,7
©pÃa,7
ª½±µ«ÊÂê,3
½Ð°Ý¯à»{ÃÑ¶Ü¡H¨£­±«e¥i¥Hµø°T°Ú¡C,3
§AÁÙ¦^°Ú¡K¡K´Nª½±µ¶]¨«°Ú¡K¡K,7
¥L¹ï©p¨S¿³½ì§a,3
§ÚÄ±±o¬°¤°»ò³£·R¨£­±§¹°Ý¹ï¤è¡u©pÄ±±o§Ú«ç¼Ë¡H¡v¡u©pÀ°§Ú¥´´X¤À¡H¡vÅý¤HÀª§¼¦^µª¤£¥X¨Óªº¸Ü¡A¦³À¸ªº¸Ü¡A¦ÛµM´N·|¦A©µÄò¤U¥h¤F¡C,7
²{¦b«Ü¦h¤H¹ï¡u·Ó¤ù¸ò¥»¤H®t¶Z¤Ó¤j¡v³o¨Æ¬OµL·Pªº¡A¥L­Ì¯uªºÄ±±o·Ó¤ù¤¤ªº´N¬O¥»¤Hªº¼Ë¤l¡A¬Æ¦ÜµLªk±µ¨ü¦Û¤v¯u¥¿ªº¼Ò¼ËÕÙ,7
ª½±µ¸ò¥L»¡¹ï¥L¨S·PÄ±,5
¤£¥Î¨º»òµ½¨},5
¶W¹L30ÁÙ¦b¬ï¨tªAÿ,8
§Ú¨£¹L¤@­Ó¬ï«ÜÃå»½ ¦çªAÁÙ¦³¦Ãº{ ¥i¬O¥´§êÅÜ¶W¥¿,3
§Ú¬Ý¨ìªº¸Ü·|ª½±µÂ÷¶}µM«á«ÊÂê==,0
»{¯uÄ±±oºC¨«¤£°e~ ¤£µM®É¶¡¤[¤F¡A©ì¤U¥h¡A¹ï§A­Ì­Ç³£¤£¦n~,3
¸ò¥L»¡©p¤w¸g¦³³ßÅwªº¹ï¶H¤F µM«áÁÂÁÂ¥L ¿ï§Ú¥¿¸Ñ,3
§Ú¤§«e¤]¬O¥æ¤Í³nÅé¨£­±¾ã­Ó®t«Ü¦h ²{¦b³£¤£¤Ó´±¨£­±«¢«¢«¢,2
¦n°Ý¸¹³á ·Ó¤ù¬Ý°_¨Ó«Ü·|¬ï·f µM«á¤S¤£¬~ÀY¡H ¨ì©³®t¦h¤ÖÅý¤j®aµû¦ô¬Ý¬Ý ¬O¯uªº³QÄF·Ó ÁÙ¬O§A¯uªº¤£·|¿ëÃÑ,3
·³¤ë¶Ê¤H¦Ñ~,3
ª½±µªí©ú°Õ ©ìµÛ¥u¬Oµ¹¹ï¤èµL¿×ªº§Æ±æ ¤U¦¸¨£­±«e¥ýµø°T­Ó´X¦¸§a »¡¤£©w¥i¥H´£«e°±¤î¤Û·Q,3
©ñ¥L¨«¡A¤]©ñ¹L§A¦Û¤v,3
ÃzªíÁÙ¬OÃz¤F°Ú ­w ¨S¤F,3
»¡³øªí§Ú°t¤£¤W ·d©w,3
¬°¤°»ò¤£ª½±µ»¡¤À¼Æ¤£¦æ¡AÁÙ­n¸ò¥L»¡¤À¼ÆÃzªí°Ú¡H,3
¯º¦º ¤U¦¸¦AµªÀ³¬ù¥X¥h¥L´N¸ò§A§i¥Õ¤F,3
¯º¦º,2
§A¥u¬O¥H¬°¦Û¤v³ßÅw¥L,7
¨º´N¤£­n¦P·N §Ú«Ü»{¯uªº³o¼Ë§i¶D§A ¦pªG¯uªº³ßÅw À³¸Ó¬O·|²@¤£µS¿Ýªº¦P·N,7
À³¸Ó¬O¨S¨ì«Ü³ßÅw,3
¨º´N¬O¦³ºÃ¼{¡A¨º´Nºâ¤F,7
¥L¬O«ç¼Ë¹ï©p§i¥Õªº°Ú,3
¤]³\§A¬O³ßÅw¥L¡A¥u¬O¤£·Q­n³o»ò§Ö´N¦b¤@°_ Á¿¥ÕÂI¡A´N¬OÁÙ¤£°÷³ßÅw,3
©Ê³æÅÊ¡H,3
¦h»¡¤@ÂI­ì¦],3
¦Ñ®Q³£°µ¦n¥¢±Ñªº¥´ºâ¤F¡A§A«o¶]¨Ó¸ò§Ú§i¥Õ¡H,3
§Ú¦n¹³À´©p¡A§Ú¤]¬O¡A«Ü³ßÅw¹ï¤è¤]«ÜÀÇ¬N¤]§Æ±æ¥L¤]¯à³ßÅw§Ú¡A¦ýµo²{¥L¤]¦³ÂI³ßÅw¦Û¤v«á¡A¤Ï¦Ó¹ï©ó¶i¤@¨B«o¦³ÂI®`©È¡C,3
¥Nªí§A¨S¦³§A·Q¹³¤¤³ßÅw,3
Ãø·d,0
¥¢¥h¤F¤~À´±o¬Ã±¤,8
³ßÅw©pªº¤H¯u¥i¼¦,4
¨ì¤â´N¤£­»¤F ¤H©Ê°Ú,3
¥u¦³§A³o»ò©_©Ç¡C,8
·Qª¾¹D§i¥Õ¤è¦¡¡I³o­Ó·|¦³®t ¦]¬°§Ú³Ìªñ¤]¹J¨ì¦P¼Ë°ÝÃD,3
¨º´N¥Nªí©p¨S¦³«Ü³ßÅw¥Lÿ,3
³á¨º¤d¸U§O¦P·N ¨ì®É­Ô¹J¨ì¯uªº¸ò§A¦X©çªº ¤U³õ·|«ÜÃø¬Ý ­n°¨§A¼A»LµLÁ_ ­n°¨§Ôµh©ñ±ó,7
©p¸Õ¸Õ¬Ý§N²H¥L,3
­Y¬O¥À­L³æªº¸Ü ªÖ©w·|µS¿Ý ¦]¬°±q¨S¥æ©¹¹L,3
§A¬O¤£¬O®`©È¨ì®É­Ô¦pªG¤À¤â¤F¡A³sªB¤Í³£·í¤£¤F,3
²×±N¦¨¬°§A¡H,3
§A¨S¦³«Ü³ßÅw¡C­¹¤§µL¨ý ±ó¤§¥i±¤¡A¯uªº«ØÄ³¤£­n,3
½ä»¡¤£©w³o½ú¤l¥u¦³³o¦¸,3
¦³®É­Ô·PÄ±¤£¤Ó¯u¹ê ¥i¯à¬O³ßÅw³ßÅw¤@­Ó¤Hªºª¬ºA ¤£¬O¯uªº­n¦b¤@°_,3
¨S¤Hª¾¹D§Aªº¹L¥h¸g¾ú·Qªk ªü¤£¹L³ßÅw´N¥h°Ú ¨ü¶Ë¤ñ«á®¬¦n,3
³½¤£¯à¾i¤Ó¤[¡A¤[¤F·|¦ºªº,3
µS¿Ý´N¬O§â¾÷·|µ¹§O¤H,7
§ÚÄ±±o³ßÅw¤£¤@©w­nµªÀ³ ¦pªG¦Û¤vª¬ºA¤£¦n µªÀ³¤F¤]¥u·|¼vÅTÂù¤èµo®i ¦ý¬O©p«Ü½T©w©p³ßÅw¥L ©p¥i¥H¸ò¥L»¡ ¦ý¤]­n¸É¥R¥i¯à©p¤ß¸Ì¦³¨ä¥Lª¸½D»Ý­n³B²z µ¥§Ú­Ìª¬ºA¤ñ¸û¦n¤@ÂI§a_,7
¦³¨S¦³¥i¯à¬O®`©È¨«¤J¤@¬qÃö«Y,3
·í§A¨M©w¨S¦³­n¸ò¤@­Ó¤H¦b¤@°_ ©Î¬OÃhºÃ­n¦b¤@°_ªº®É­Ô ¨º³£¤w¸g¨S¦³¨ì«Ü³ßÅw©Î«Ü·R¤F ¤£­n¦]¬°¥i¯à¦]¬°¦UºØ­ì¦]¤F ´N¬O¨S¨ººN²`¤F,3
¦³¥ô¦óµS¿Ý´N¤£¯àµªÀ³,3
¥i¥H¤Wºô¬d¬d°kÁ×«¬¨ÌÅÊ_,3
¥i¯à¬O¹ï©ó§ïÅÜ²{ª¬·P¨ì®`©È§a ¤£ª¾¹D§A¬O¤£¬O²Ä¤@¦¸½ÍÅÊ·R©Î¬O¸ò¤W¤@¬q¹j¤F«Ü¤[ ¦pªG¬Oªº¸Ü«ØÄ³§A¦n¦n¦Ò¼{²M·¡µM«á½Ä¤F ¦pªG¬O¤£½T©w¦Û¤vªº·P±¡ ¨ºÁÙ¬O¤£­nµªÀ³§a,5
³o¤£¬O³ßÅw¦Ó¬O¹³°¸¹³¯Â«ô¨ººØ ¦b¤ß²z¾Ç¦³»¡ªº,3
»Ý¨D·P=¦º,3
¬O¾Ç¥ÍÁÙ¬O¥XªÀ·|¤F¡H ¥XªÀ·|¤§«á­nºû«ù·P±¡ªºÅÜ¼Æ«Ü¤j¬O­n¦n¦n¦Ò¼{¡A¦pªG¬O¾Ç¥ÍÀ³¸Ó¨S®t¡A¤S¤£¬O¥æ©¹´N­nµ²±B¡C ¥æ©¹¤]¬O§ó»{ÃÑ©¼¦¹ªº¶¥¬q¡A¦³ÅU¼{ªº¸Ü¤]­n¦b¤@°_¬Û³B¤~¯à½T©w§a¡I,3
§A´N¬O¨Ó¶Ãªº ®ö¶O®É¶¡,0
·PÄ±´N¥u¬O·QÀÇ¬N ¤£·Q­n©Ó¿Õ,0
ÁÂÁÂ¤j®aªº¦^ÂÐ §Ú¥XªÀ·|1¦~¦h ÀÇ¬N¹ï¶H§Ú¤j2·³ §Ú¬O¨d¤¦¨S¿ù....... ¥i¯à¬O¦]¬°³o¼Ë©Ò¥H©È¦Û¤vªº¨M©w¤í¯Ê¦Ò¼{,3
µS¿Ý´N·|±Ñ¥_¡I ½Ä°Ê´N·|¥Õµ¹_,3
¬O¦]¬°Ä±±o¥Í¬¡·|¦³¤j§ïÅÜ¶Ü,3
¦³¥i¯àÀÇ¬N¤Ó¤[¦³ÂI§N¤F,3
¥i¥H¸ò¥L»¡Æ[¹î¤@­Ó¤ë¦A¨M©w,3
±Ð§A¤@©Û ¸Õ¸Õ¬ÝÅý¥L¸I§Aªº¤â/¨­Åé§A·|¤£·|¤Ï·P ·|¤p³À¶Ã¼²ªº¶}¤ßªº¸Ü¨ºÁÙ¦³¥i¯à ·|¤Ï·Pªº¸Ü´N³s·Q³£¤£¥Î·Q¤F ¦³®É­ÔÀY¸£ÁÙ¨S·Q²M·¡ ¨­Åé³Ìª½±µªº¤ÏÀ³¤ñ¸û·Ç,3
·PÄ±¬O³ßÅw¦ý¼ç·NÃÑÄ±±o¤£¾A¦X§a,3
©p¥u¬O³ßÅwÀÇ¬Nªº·PÄ±,0
¥Î¤£¦Pªº»ç©ñ½u³¨³½ µ²ªG¥u¦³³Ì®t»çªº³¨¬ñ¦³°ÊÀR µS¿Ý­n¤£­n¦¬½u ©Î.......,7
¥ý¸Õ¸Õ¡A¤Z¨Æ³£¦³²Ä¤@¦¸,5
°Ý¥@°í,3
¨º¨kªº¨ì©³¤T¤p §Ú¬Ý¤FÀY«Üµh,0
¤£­n·Q§â¦Û¤v¦Û±þªº²z¥Ñ À£¦b§O¤HÀY¤W ÁöµM¨k¥Í°µªº¤£¹ï ¦ý³oµ´¹ï¤£¬O©ñ±ó¦Û¤v¥Í©Rªº²z¥Ñ §A¤]¨S¦³Åv§Q³d©Ç¥ô¦ó¤H °£«D§A©Çªº¬O¦Û¤v,0
¥£¡H,3
¤Ó¨õ·L¤F§a,4
§A»Ó»e»Ý­n¬Ý¤ß²z¿Ô°Ó¡A¦o¹ï¨k¤Í³o¼Ë¤lªº¦æ¬°¼Ò¦¡ÆZ¦³°ÝÃDªº,3
´N³oºØ´í¨k¥æªº¨ì¬O«ç¼Ë,0
ÁöµM¥X­y¤£¹ï ¦ý¥æ©¹´Á¶¡³£¥u¦³§A»Ó»e³æ¤è­±¥I¥X¹ï¹ï¤è¦n¦Ó¤w¶Ü¡H,3
§Ú158 ¥ý¥Í173 ³o¨­°ª§ÚÄ±±o«D±`¦n,6
«ÜÆg°Ú,6
°÷°ª¤F§a,6
°÷°ª¤F§a,6
¨S§a ¨º´N¥u¯àÃÒ©ú§AªºÃC­È¥i¯à¨Ã¨S¦³¦p§A©Ò»¡ªº¤@¼Ë¡A¦b¼Ð·Ç¤§¤W,3
§Ú172¤W¤j¾Ç¥æ¹L¤T­Ó¤F ÁöµM³£¬O°ª¤¤¥Í ¥i¥HÂà´«¶]¹D¡H,3
¤@°ï´¶«H¤k,3
·PÄ±¦³´¶«H¨kªº°ÝÃD,3
·PÄ±¤£¬O¨­°ª°ÝÃD,3
·PÄ±¸òÁy©M¨­°ª³£¨S°ÝÃD §¹¥þ¤£¬O¥~¦b±ø¥óªº°ÝÃD Áo©ú¦p§Aª¾¹D°ÝÃD¥X¦b­þ¤F¶Ü,3
§Aªº¼Ð·Ç¬O¦b¦a¤U¶Ü,8
¯º¦º ³o­Ó¨­°ª¥­§¡¥H¤W¤F¡A¥u¬OÀH«K§ä¨ì¤£¶Ë§A¦Û´Lªº²z¥Ñ©Úµ´§A,8
¤@¬N°l¨D¨­°ªªº¤k¥Í¨ä¹ê°l¤£¨ì¤]½} µêºa¤ß§@¯© ¥u¬O·Q­n±a¥X¥h¦³­·¦Ó¤w,8
....¤k¥Í³o»ò¦h ¦ó¥²¬°Ãø¦Û¤v,7
¾÷²vÁÍªñ©ó0 ¥ý·Q¿ìªk¶i¤JÀÇ¬N§a ¶Ã§i¥Õ·Ç³ÆÃz,3
¦³¡A§Ú¸ò­¯¥Í¤H»{ÃÑ²á¿à¤T¤Ñ´N¦b¤@°_¤F¡C,5
¬ù¥X¥h°Ý¥L´±¤£´±¸ò§Ú¦b¤@°_,5
¬°¤°»ò­n¸õ¹L³Ì¬ü¦nªº³¡¥÷¡H,3
"¦³, ¦ý¬O§@¬°¥N»ù¤]·|°{¹q¤À¤â",7
§Ú°Ú¡K »{ÃÑ¤@¤Ñ¬í³t§i¥Õ ¥Ø«e¥æ©¹¤­­Ó¤ë,3
§Ú¬O¸õ¹LÀÇ¬N¦b¤@°_ªº,3
§Ú¦b²{¥ô¸ò§Ú§i¥Õ¨º­ÓÀþ¶¡¤~µo²{¹ï¤è³ßÅw§Ú­C¡A­ì¥»³£¥H¬°¬O§Ú¦Û¤v¦b·w¡A¦ý¬O¥L»¡Ä±±o§Ú­ÌÀÇ¬N¤@°}¤l¤F§i¥Õ¤@©w·|¦¨¥\¤~»¡¥X¤fªº¡C©Ò¥H¦³¨S¦³ÀÇ¬N¤]¬O¬Ý¤Hªº·PÄ±§a,3
Åç¦åÅç§¿Åç¤j«K°Õ,4
µU¤l¤£­nª±³½¤F,0
±b¸¹¤£¥Î°¨¤F,3
ºu¦^¦Û¤v°ê®aª±³½§a,0
µU¤lÁÙ¬O¦^°Êª«¶é§a,8
¤°»ò¤H³£¦³,3
§O¤H¾iªº³½ÁÙÀH«K³o¼Ë¹ï«Ý¡A¤£ª¾¹D¹}¥Dª¾¤£ª¾¹D,3
¤HªGµMÁÙ¬O­nÅªÂI®Ñ,3
³o­Ó­nÅç§¿==,3
¥L³o¼Ë¯uªº«ÜÁV¿|ÕÙ ¦ý¡K«ç»ò´±ª½±µ§ì¬¡³½¡H§Ú³s²M§Ú­Ì®a³½¬û³Q³½¸I¨ì³£·PÄ±©Ç©Çªº,0
§C¯à¨à,0
¤@­Ó§ì°_¨Ó¥á ¤@­ÓÄ~Äò¤U¥h¼´ ¨ì©³­þ¸Ì¦³¤ò¯f¡H¡H¡H¡H¡H,0
¨C¤Ñ³£·|¨«¸ô¸g¹L³o ¨º¤ô«ÜÅ¼ «ç·|·Q¥hºNÿ. ÁÙ¦³¨º¬Oµ¹¤H§¤ªº´È¤l ª¾¹D³Q¦o§ËÅ¼¹L §¤ªº¤Hºâ­Ë¾`,7
¶ì½¦Áy,0
©U§£,4
¦n§è³á ¦³¯f­n¬ÝÂå¥ÍÕÙ= =,0
¦n¯º¦b­þ,8
°¨ªº¤@¸s©U§£¤H¡A·|¤U¦aº»,4
­þ¸Ì¨Óªº¥ÀµU,0
¨SÅª¹L®Ñ ¤f¼¦°Ú,0
±þ¤p¡K,4
¯îÂÕ¦º==,0
µU¤lÁÙ¨S¿ô³á¡H«ç»òÁÙ¨S§R±¼ÅÜ¦¨¨p¤H±b¸¹,0
·F©U§£ ¤wÀËÁ|,0
¬Y­×¤kªí¥Ü©p¦³¸o,0
¥L¬Ý¨ì¤F¡I§â­­®É§R±¼¤F_,0
¤½¯q¸ôªºÀ\ÆU,3
¸ò³ßéw¨à¤@¼Ë¡A¤Ó¦n¯º¤F³o¼v¤ù ¡]¬ðµM·Q¨ì³¨³½¨ä¹ê¤]ºâ­h«Ý°Êª«¡H¡^,2
·F³o­Ó¤Ó§è¤F ¸Ë¤T¤p¥i·R»¡¤T¤p­nÂYªM®ÇÃäªº¤H¯uªº¬O¤]¸òµÛµL¸£,0
©³¼h¥J¬°¤°»ò³£¥i¥H³o»ò¦Û±o¨ä¼Ö°Ú,8
¥i´d¥~µf,4
ÕÙ³s°²¥xÆW¤H³£¤£­n·í°Õ ¦n¥áÁy³á,0
°®³o¤°»òÿ.ªø¨º»ò¤jÁÙ³o»ò¯Ê¼w,0
µo³o­Ó­­°Êªº¤H¤]¶W¨S«~°Õ ÁÙ¯º¦º ·F ¤°»ò³£­nµo­­°Ê Åý¤j®a¬Ý¥L­Ìªº¥Í¬¡¦h¥i´d ¬°¤U¦aº»°µ·Ç³Æ­C,0
¦n§è¡K,0
¦³¨Æ¶Ü,0
­n´Á«Ý¤@­Ó+9µU¤°»ò ¾ð¤j¥²¦³¬\ªK ¤H¦h¥²¦³¥ÕÃ¨,0
µU¤l¥sÁn,0
¬Ý¥Lªº¥Í¬¡³£¬O²]¶Ãµ¥¯Åªº ³o¼Ë³£¯à¦³¨â¸U¯» ¯»µ·³£µU¤l¬O¤£¬O,0
ÿ.¨ì©³®a¤H¦³¨S¦³±Ð¹L¤p«Ä,0
µU¤lª±³½,0
²Ê¾|,0
«ç»ò¨º»ò½â°Ú,0
ÕÙ¦n¦n¯º®@ ¯»µ·¨â¸U µ²ªGÆg¥u¦³¥|¦Ê ¯»µ·³£¬O¶Rªº°²±b¸¹§a ¦³°÷°µ§@,0
¨ì©³¦³¤°»ò¤ò¯f,0
¬Û¥Ñ¤ß¥Í,0
¦n¦n¯º,
¤U½ú¤l·í³½,0
ÀËÁ|¥L­Ì±b¸¹ Åý¥L­Ì±b¸¹³QÂê,0
¤z¡A§Ú³£¤£¤Ó´±³o¼Ë§ì³½ÕÙÿ..,0
§Ú¨ì©³¬Ý¤F¤°»òÿ,0
¥L«ç»ò¤F,0
³o¤°»ò±¾,3
¨ü¤£¤F¨º­Ó»ó¦å¯S®Ä­C,3
³o´N¬O¥xÆW °Ú«¢ ¥i±Ð¤Æ°Õ,0
³oºØ´±¬å¤Hªº¿ð¦­¤]·|³Q¬å°Õ,0
³oºØ¦Û¥H¬°«Ü¤j§À ½ð¨ìÅKªO¤~¦b¨ºÃä­ú,0
³oºØªº¨ì©³³Q¥Í¥X¨Ó·F¹À°Ú,0
°­®q³Ì¬ü­·´º,0
¯à»¡¤°_´NªÀ·|±ÑÃþ°Ú,0
¨C¤HÀËÁ|¥Lªº±b¸¹ «ô°U±À§Ú¤W¥h,0
ÕÙ¨SÃö«Y ´N¬Ý§A¥H«á¨«¦b¸ô¤W·|¤£·|³Q¬å,0
¨S¿ìªk°Ú¡A·s»D¨S¤°»ò³ø¾É¡A¦pªG©ñ¦b¨ººØÃz®Æ¤½ªÀ¡A¥X©ºªº¤H·|§ó¦h,0
¤Ö¦~ªk®x,0
¥i±Ð¤Æ ­ü,0
«ùÄò§ðÀ»,0
¨S¨Æ ¥L­Ì¦bàm¤]¨S¦h¤[ ·Ç³Æ³B²z¥L­Ì ,0
¥i¼¦,0
¥¼¦¨¦~¤@°Æ¤j¤H§¾«Ä¼Ë ¯uªº°÷¯ä,0
ªÀ·|±ÑÃþ ³Ì¥i¼¦ªº¬O¥L­ÌÁÙÄ±±o¨S¤°»ò«Ü¦nª±¤£ª¾¹D¿ù ¹ê¦b¦³°÷áà³s,0
ÀY¾v¬OÀtÀY¶Ü,0
©U§£¦Ó¤w ¥H«á¦ÛµM¦³¤H·|¦¬ ¾Þ,0
¹ï©óµU¤l ¤£¥Î­n¨D¤Ó¦h ¥L¤]Å¥¤£À´ªº,0
¥¼¨ÓªÀ·|¥D¤O ­n©ñ´L­«,3
µ¥¥L¦¨¦~ §Æ±æ¥L³Q¥¼¦¨¦~¶Ã¬å,0
³oºØ¤å¯uªº­n¤@ª½³»¤W¥hÕÙ Åý¥L³Q¬Ý¨ì ¦³¤Hª¾¹D¥L¥»¦W¶Ü,0
­üÅý§Ú·Q¨ìÁú¼@¤Ö¦~ªk®x,3
½âµU,4
¸ò¥¼¦¨¦~±j­¢¤f¥æÁÙ¯à³Q«OÅ@¤@¼Ë,8
¤£·\¬O¤p§¾«Ä¡A·|·|§â¤ß¸Ì¸Ü©ñ¦bºô¸ô¤W,3
³oºØ¥u¯à¶Â¦Y¶Â¡AÅý§ó¤jªº±Ð°V¡AÁú¼@¦³¤@³¡¤ù¥s¤Ö¦~ªk©x¡A§Æ±æ¥xÆWªº±Ð¨|ÁÙ¦³ªk«ß³£¯à¦³©Ò§ïÅÜ,0
«Ü¦n©_±q¤p¨ì¤jªº­I´º¸ò®a®x ÁÙ¬O·|·Qª¾¹D¬°¤°»ò­n¿ï¾Ü³o¼Ë¥Í¬¡,3
¥xÆW¬O­Ó¦n¦a¤è,8
©Ò¥H»¡±Ð¨|µ{«×¦nªº¦U¦ìªB¤Í­nºÉ¥i¯àªº¥ÍÂI¤p«Ä¤£µM¥H«áªÀ·|¤W³£¬O³o´Ú§Ú¹ê¦b«Ü®`©È,8
¦]ªG ¥L¥H«á­nÁÙªº,3
±þ¤Hªº¨Æ¦³¤°»ò¦nÅå³Yªº¶Ü...,0
¥O¤H³è±óªºªÀ·|©³¼h ¤U½âªº¸£Åõ±Ú¸s ¯u¥L¶ý¤íºjÀÅ ³o°ï½âºØ«ç»ò¤£¥h¦º¡H,0
µð ¦n·Ð³á ¨ì©³¬O¤°»ò¤ä¼µ¥L­Ì¬¡¨ì²{¦b£« ¬O89¦çªAÁÙ¬O¶W­«¯S®Ä£« ¦nÁà³á,0
³o´N¬O¥xÆW ­n²ßºD ¤£ºÞ§A§@¦l¥Ç¬ì­þ¤@¼Ë ³Ì«á³£¯à¥X¨Ó®Ì ©¯¹Bªº¸ÜÁÙ¯à·íÄ³­û¡B©e­û ¦A©¯¹BÂIÁÙ¯à¶}­Ó¤½¼q©Û°],8
¦]¬°¤@ÂI·P±¡ªº¨Æ±¡´N¶]¥h¬å¤H¯uªº«Ü¥i´d¡K»ù­ÈÆ[§¹¥þ§á¦±ÁÙ»{¬°¦Û¤v¬O¥¿½Tªº¡A¨S·N¥~³oºØ¤H¬¡¨ì¦Ñ¤]¬O©³¼hªº±ÑÃþ¡Aªk«ß¯uªº­n§ï¤@¤U¡A³o¼Ë¥u·|§Uªø¨º¨Ç©³¼hªº¯b¥ÍÄ~Äò®`¤H,0
§Æ±æ¬O°¨ªF¥Û°»¿ì³o°_®×¥ó¡A¹ï¥L­Ì¶}¯u¹êªº©Ð¶¡,0
©³¼hªºªÀ·|´N¬O³o¼Ë ¤µ¤Ñ¥L¬å¤H ©ú¤Ñ·d¤£¦n´N´«¥L³Q¬å¤F Åª®Ñ¬O¬°¤F¸ò¶Ì¤l¦n¦n»¡¸Ü ¦ý¬O¥L­Ì¤ñ°_»y¨¥§ó³ßÅw¥Î¦æ°Êªí¹F¦Û¤vªº±¡ºü,3
ªGµM¥[¤E¬O¥N¥N¬Û¶Ç·½·½¤£µ´°Ú¡K,8
§Ú±Mªù³B²z³oºØµU¤lªº,3
¤£­n·N¥~ ¥H«e±M¦¬°ê¤¤¥Í·í¤p§Ì ¤@°ï®³µÛ¦è¥Ê¤M¬å¤Hªº °ê¤¤¦P¾ÇÁÙ¥h¬å¦DÄµ­C¤~Ãö´X­Ó¤ë,3
¥i¼¦°Ú¥i¼¦¥xÆW¦pªG¬å±¼¤@¥b³oºØªº¤H¥i¯àªÀ·|·|¶i¨B¤£¤Ö§a¡C ³á¹ï¤F¡AÁÙ¦³¦Û¨p·|³g¦Ãªº¨º¨Ç¬F«È¡C,0
¯uªºªÀ·|©³¼h¼g·Ó,3
¤ÏªÀ·|¤H®æ¶Üÿ,3
©ñ¤ß¡A³oºØªº¡C¨S´X¦~¤@©w§â¦Û¤v°e¶i¥hÃÛ,0
¨S¹J¨ì¥ûªº¦Ó¤w,0
¦n¦n¯º ÆZ¥i¼¦ªº,2
§Ú¬O¥Lª¨¶ý¯uªº·|¥´¦º¥LÕÙ= =,0
³oºØ¿ð¦­¦º¦b¤jµó¤W ¨S¨Æ¡I,0
¬F©²¤£·|³B²z¡A¨º´Nµ¥ªÀ·|¨Ó¨îµô¥L­Ì,0
¤Ï¥¿¥H«á¥i¯à´N·|¥X²{¥S§Ì·m¤k¤Í©Î¤í¿ú¡AµM«á¤¬¬åªº±¡¸`¤F,0
³oºØ¿ð¦­·|³QªÀ·|³B²z¡C,3
Åý§Ú·Q¨ì¤Ö¦~ªk®x,3
¿ð¦­¦º¦b¤jµó¤W«¢«¢«¢,2
©Ò¥H§Ú»¡ ¥¿±`¤Hªº¦w¥þ¤°»ò®É­Ô¤~¯à³Q«OÅ@ ºë¯«¯f¸ò¥¼¦¨¦~¯uªº¬Oÿ­ü,0
¤ñ¸û®e©ö³Ü¨ì¤£¦P¼h¦¸ªº¨ý¹D¡A¤ñ¦p³Ü°_¨Ó»ÄÃaªº¡H,3
«O¦s´Á­­ ¹B°e­·ÀI,3
³o®e©ö¯},3
¼O¦º§Ú¤F¡I µ¹§Ú¨Ó²~³Üªº,3
¬°Ô£Â²Åé¦r? ¤j³°?,3
¬O¤£¬O¬Ý¤F¤p½æ³¡¼v¤ù©Ò¥H¤]«Ü·Q³Ü,3
³oÁÙ­n°Å¤M ÁÙ­n®³±×ªº ©Î°¨¤W­Ë¶iªM¤l,3
ÀH«KÀ½´NÃz¤F ¦Ó¥BÁÙ­n¤u¨ã¯u³Â·Ð ¤§«eªº¥V¥Ê¥]´N³oºØ¥]¸Ë°Ú ´¡§lºÞ¼Qªº¨ì³B³£¬O,3
¬Ý´Nª¾¹D¦pªG¨S³Ü§¹«ÜÃø©ñªü §A¶¼®Æ³£¤@¤f°®¶Ü¡H,3
¤£¦n©ñ§a,3
¦³¨Ç¶¼®Æ¤£¾A¦X¥ú·Ó¨ì¡A©Ò¥H¤~·|¥Î¾Tºä¥]¸Ë¡AÀ³¸Ó»¡¡Aªø´Á¼ÉÅS¥ú·Ó¹ïªø®É¶¡Àx¦s¤£¤Ó¦n¡AµM«á¥[¤W¨ººØ¶ì½¦³U«Ü®e©ö¯},3
Ã¹¤ó¬î¤ô¯ù²{¦bÁÙ¦³³oºØ¥]¸Ë,3
­ÜÀx³o¼Ë«ç»òÅ| ¶â¡H,3
¥i¥H·Q¹³±o¨ì¶W°Ó©±­ûªº©ê«è,3
§Ú¦b«C¬K¸Ìµ¥§A,3
½Ã¥Í°ÝÃD,3
§Ú¶}¨®­n«ç»ò³Ü ®³¾ã¸ô¶Ü,3
¥i¬O«ÜÃø©ñªü,3
§A¤Ó¦~»´_,3
¤¤°êªº¤û¥¤³£¬O³U¸ËªºÕÙ,3
¬Ý°_¨Ó¦n¹³§¿³U³á,3
«O¦s´Á­­¡BÃn¥ú­@¨ü«×¡B«O·Å®ÄªG¡A¥ú¬O¤W­±³o¨Ç¾Tºä¥]´NÎx¥´³oªF¦è¤F,3
¥ß¤£°_¨Ó ´¡¤U¥h´N­n³Ü§¹,3
§ÚÄ±±o¤£¿ù¤FÕÙ ¤£·|«Ü¦×°Ú,5
§Ú·Q»¡§A¸Ø±i¡A§AÁÙ¯u¬O¦yÀ@Åé,3
§ÚÄ±±o§A¤w¸g¶W«Ó¤F¡A¤£¥Î¦bªø¦×¤F«¢,5
¯uªº¦³¦×·|¤ñ¸û¦n¬Ý ¤£µMÁÙÆZ¹³µuÀY¾v¤k¥Íªº,5
¦A¹L´X¦~´N¤£·|¦³³o·Ð´o¤F,5
ªø±o«Ü«Óªü,5
«ØÄ³°·¨­ °·¨­ ¡X> ¦h¦Y ¡X> ¦ÛµM¦ÓµM½m¨ìÁy³¡¦Ù¦×,5
³o¼Ëªº¥Ê¤lÁy©ú©ú«Ü¦n¬Ý°Ú¡I,5
¦n«Ó³á,5
©p»ó¤l¦n®¼,5
¤£´N¬O·Q­n§O¤HºÙÆg¶Ü¡H,8
°® ¦n§Úªºµæ ¤£¹L·PÄ±§A­Ó©Ê°¾©Ç«¢«¢«¢,2
µL¥L¬Û¾÷¶WÄF,0
·F°Ú§Ú«ç»ò³£¥u­DÁy §Ú¯uÃ©¤F,0
§ÚÄ±±o§A«Ü¾A¦X¨«´µ¤å±ÑÃþÃþ«¬ªº ¸Õ¸ÕµLÃè®Ø²´Ãè ·PÄ±¥i¥HÀ»¤¤«Ü¦h¤H,3
¦n·Q¸ò§A¥æ´«¤@¤UÁy«¬¡]«x §ÚªºÁy¥u­n«e¤@¤Ñ¶º¦Y¦h¤@ÂI´N·|­D¤F,3
¦n«Ó..,5
¦h¯º´N¦n¤F §Ú¤]¬O¦³¤@­Ó¨¤«×«Ü¥û ¨S³QÅQ­â¹L ¯º¶}Ãh´N¸Ñ¨M,5
¸É¯×,3
°ê¤¤À³¸ÓÄF­Ë¤@°ï©f©f§a,3
¥´¬Á§¿»Ä,3
ºÆ¨gÀ½Âù¤U¤Ú¤§«á §A´N·|±o¨ì¤@­Ó¶êÁy µM«á¦b©]²`¤HÀR·Ó¨ìÃè¤lªº®É­Ô¡AÄ±±o¦Û¤v·íªì¨ì©³¦b­A¤°»ò§C¯à¡C,3
¥u¦³§Ú¬Ý¨ì¦W¦r¯º¥X¨Ó¶Ü...,3
§c......¦Y­DÂI¡H,3
¬°¤°»ò§ÚÄ±±o«Ü«Ó,5
°ê¤¤ªø±o¤£¿ù¡A¦ý·PÄ±¬O¤@­Ó­Ó©Ê¥j©Çªº¤H,5
¦n«Ó­ò ·PÄ±À¹²´Ãè«Ü®Ñ¥Í·P,5
§A¥i¥H¨«»Å«ÓÃþ«¬¡I ·PÄ±·|«Ü¤£¿ù ¤£¥Î¾á¤ß°Õ §Aºâ¯à¬Ýªº,5
¤£«Ó¡A´N¤pªB¤Íªº¼Ë¤l ¦ý¤­©x¤°»òªº³£¬O¦n¬Ýªº¡A¬O¼ç¤OªÑ,5
¨ä¹ê§ÚÄ±±o§A²{¦b³o¼Ë´N«Ü¦n¤F,5
¤£¥Î¸r¼}¡A25·³µh­·¡B30·³¬~µÇÅ¥»¡¹L¶Ü¡H,5
§Ú¤]¬O ¤£¹L¬O¦]¬°»ù®æ¶V¨Ó¶V¸Ø±iªºÃö«Y Ä±±o¥÷¶q¨S¦³¨ì¨º­Ó»ù­È,3
¦pªG¤@¤Ñ³Ü¨âªM ³£³ÜµL¿}ªº°Ç,3
§Ú¥DºÞ¸ò¦P¨Æ¤Ñ¤Ñ³Ü­C ÁöµM¤£¬O¥þ¿}´N¬O¤F ¤£¹L¥L­Ì°£¤F¤â·n¶¼¤§¥~ ¦­À\ÁÙ¦³³Ü©@°Ø,3
§ï³ÜÀu¹T¨Å,3
§Ú¤]¨S¦b³Ü¡A¿ú¦s°_¨Ó¶RªÑ²¼¡C,3
§Ú¤@¦~³Ü¤£¶W¹L¤­ªM ¦]¬°®a®x¤Ó¦h¿ò¶Ç¯f¥v §Ú©È¤Ó¦~»´¨­Åé´N¶}©l¥X°ÝÃD,3
§Ú»{ÃÑªº18·³´N¿}§¿¯f¤F ¯º¦º,3
§Ú³£³ÜµL¿}_,3
§Ú¤]¬O¨C¤Ñ³£­n³Ü ­ì¥»ÁÙÄ±±o·\ª¹¬O¤£¬OÀ³¸Ó¦h³Ü¤ô ª½¨ì¬Ý¨ì§Ú¦P¾Ç¤@¤Ñ¤»ªM,3
§Ú³£³ÜµL¿}ªº¯ù ¨S¦³³o°ÝÃD,3
À~¦º§Ú¤F¡A³Ü¨âªMÀ£À£Åå,3
§Ú¨C¤Ñ³Ü¨âªM¤â·n ¤@ªMµL¿}¯ù¡B¤@ªMµL¿}ªG¯ù,33
¤@­ÓÂ§«ô¦Ü¤Ö­n¤@ªM ¦]¬°¥­±`À£¤O¦n¤j³á¡A§Ú»Ý­n¸ÑÀ£,3
¦³¦b°·¨­«á´N¤£¤Ó³ßÅw³Ü¶¼®Æ¸ò»æ°®,3
¤£³Ü¨­Åé¦n ³Ü¤F¤ß±¡¦n,3
¨C¤Ñ¦­À\³Ü¤j¦B¥¤ºâ¶Ü,3
§Ú¤ñ¸û¨ØªA¥L­Ìªº°]¤O¡A²{¦b¤â·n¶¼¯uªº¤£«K©yÕÙ¡I,3
¤£³Ü¶¼®Æªº¥D¦]¡G³Ü¤£°_ ¶¼®Æ¦n¶Q,3
§Ú³£³ÜµL¿}«C¯ùÕÙ ¨S¶W¼Ð°Ú ¦Ó¥B0¤j¥d,3
§Ú¦³®É­Ô·|¥Î¤@ªMµL¿}¬Ã¥¤¥N´À±ßÀ\ ¦­À\µL¿}¶Â©@°Ø¡A¤ÈÀ\¤£¦Y,3
¦b¶¼®Æ©±¤W¯Z®Ú¥»´N¬O¶¼®Æ³Ü¨ì¹¡ ¬Ã¯]ªiÅQ¦Y¨ì¹¡ ¨S¦³¿}´N¤£¬O¶¼®Æ¤F°Ú,3
¦n¦n¯º §Ú­è­èªº®É­Ô¤]¬O¨SÃö¨ì³Á§J­· ¦pªGµ¥µ¥Á¿¦Ñ®vÃa¸Ü³QÅ¥¨ì ´NÀª§¼_,2
¨SÃö³Á¤£©t³æ¤F,3
¨º°Ô°ÔÁnªº«ç»ò¿ì,3
¨C¦¸¦b½u¤W¤W½Òªº®É­Ô²á¤Ñ©Î»¡¦P¾Ç¦Ñ®vÃa¸Ü³£·|¤@ª½ÀË¬d³Á§J­·¦³¨S¦³Ãö,3
¯º¦º§¼Ãz,2
¦³¦P¾Ç³Á§J­·¨SÃö³á,3
©Ò¥H§Ú³£¥Î¹q¸£ §Ú¹q¸£®Ú¥»¨S´¡³Á§J­·__,3
°® §Ú¤]µo¥Í¹L ÁÙ¬O¦bºtÁ¿ªº®É­Ô ³Ì«áÁÙ³QÂI¦W¦^µª°ÝÃD ¯uªº¥ý§¼¦º,3
§Ú®aªº¿ßÁÙ½ò¹L§Úµ§¹qÀ°§Ú¶},3
¹q¸£³]©w¨ºÃä¥i¥H±N³Á§J­·¸òµø°TªºÅv­­Ãö±¼ ³o¼Ë½u¤W¤W½Òªº®É­Ô³Á§J­·©Mµø°T«ç¼Ë³£·|¶}¤£°_¨Ó °£«D¦A¦¸±q³]©w¨ºÃä¶}±Ò,3
¬Ý¨ì§Aªº¤å³¹§Ú»°§Ö½T»{¤@¤U §Úªº³Á§J­·¦³¨S¦³Ãö¤~¶}©l¯º,3
¦³¤@¦¸¸òªB¤Í²á¤Ñ¡Aµ²ªG¥X¤f½|¤T¦r¸g ¦Ñ®vÂI¦W§Ú¤~µo²{¨SÃö³Á,3
»Ý­nªiÄõªº¾÷²¼¶Ü,3
¯º¦º ¯uªº¤£­n¯º¤Ó¦­¤º,2
¯º¦º,2
§Ú¶i¥h«e³£·|¥ýÃö ©È¦º,3
ÁÙ¦n°Õ §Ú¦P¾Ç¦­¤K»°µÛ¤W½Ò¡A¥i¯àÁÙ¨SºÎ¿ô¡Aµ²ªGª½±µ§¿§¿µ¹¤j®aÅ¥¡A¥»¤H§¹¥þ¤£ª¾¹D,3
¹Ï¤ù¦näú¤ß,4
§è,0
§Ú¬O¦³Å¥¹L¦³¤H§Ñ°OÃö³Á ¦bºÎÄ±µ²ªG¥´©IÁn¤Ó¤j ¦Ñ®v¤@ª½»¡¡G¬O­þ¦ì¦P¾Ç§Ñ°OÃö³Á¤F©O¡H,3
¯uªº«Ü¦n¯º,2
³Ì«á¨º±i¹Ï§Ú¤£¦æ...,3
¦AÀª§¼¤]¨S¦³§Ú­Ì¾Ç®ÕªºÀª§¼,3
«¢«¢«¢«¢«¢¯º¦º,2
¶WÀª§¼ ¶W¦n¯º,2
§Ú·|¯º¦º ­n¹ÜÀª§¼,2
¯º¦º Àª§¼¤jÁÉ,2
¶W¯Å¦n¯º§Ú­n¯ººÆ,2
¤£¬O­×·FÁn¨S®t©Ô,3
§Ú­è­è¤W½Ò¤£¤p¤ß¶}¨ìÃèÀY ¾ã­ÓÀ~¨ì À³¸Ó¨S¤H¬Ý¨ì§a¡]À³¸Ó§a¡H,3
¯uªº¦n¦n¯º«¢«¢«¢«¢«¢,2
¸Ó¤£·|¤S¬O¤Æ¤u³â¥z¸âµo«Â¤F§a,3
¯º¦º,2
¯º¦º«¢«¢«¢¯uªº¦n¦n¯º,2
³o­Óáà³s«Ü¦³±ðªü= =,3
¨º§A¦³¨S¦³¹J¹L½T©w¦³Ãö³Á§J­· §O¤H«oÅ¥±o¨ì__,3
¯º¦º¤H_ ­«ÂI­ì_£¬§AÁ¿¸Ü¦n¦n¯º == ³ßÅw§A³o½g¤å³¹ ·R¦º,2
°Ú¦nÅ¥¶Ü,3
¬°¤°»ò·|³o»ò®e©ö¨SÃö³Á§J­·,3
¦n¦n¯º,2
©Ò¥H§Ú³£¥Î®à¾÷¤W½Ò,3
¯º¦º,3
¯º¥X¨Ó~§Æ±æ¨º­Ó¦P¾Ç¤£·|¤£¦n·N«ä,2
«¢«¢«¢«¢«¢§AÄ¹¤F,2
¯º¨ì¨Ã­y,2
§Ú¬O¤§«e­èºÎ¿ô¤£¤p¤ß¶}¨ìÃèÀY§Ú¨Sµo²{ µM«á¦Ñ®v¬ðµMÂI¦W§Úªº¦W¦r »¡§ÚÃèÀY¨SÃö ªü¤£´NÁÙ¦n§Ú¨º¤Ñ¨S¦³»rºÎ==,3
¨S¨Æ §A¤£©t³æ ¦]¬°§Ú¤]¨S¦³Ãö³Á§J­· ¹CÀ¸­µ¼Ö©ñ¶W¤jÁn Åý¦Ñ®v¸ò§Ú¤@°_¨É¨ü¹CÀ¸ªº§Ö·P ¥L»¡¥LÄ±±o¦Û¤v¤]¦b¸ò§Ú¤@°_¥´ºj¾Ô,3
µuµu¤@½g¤å «D±`¦³¦@»ï,3
§Ú¤§«e¤W½Ò¸ò§Ú¨k¤Í°Q½×¬Ã¯]¥¤¯ù¤]¨SÃö³Á ÁÙ¦n¨S¦³¶â¶â°Ú°Ú ==,3
­è­è°e¤F¡A°¨¤W³Q°h³f¡C,3
¬°¤°»ò¤S¬O¤@½g¤º®eªÅ¥Õªº¤å³¹¡H(°{,3
¾ÇªøªÖ©w¶W«Óÿ,3
¬n­Ó¼Ó ¦r«Ü¦n¬Ý¤]«Ü¾ã»ô «¢«¢,3
³Ì«á¨º¥y¤]¤Ó¤¤ªÖ¡A¤£¼ô¯uªº·|³Q·í¦¨äú¨k,3
¤Ó°{¤F°Õ¶ã¶ã¶ã,3
¨º­Ó»Ä»Ä¿}¥Nªí¤ß±¡¤]¤Ó¥i·R¤F§a«¢«¢ °e¤WÅ}¬O«ç¼Ë°Õ,2
ÿÿÿÿ¨ì©³¦b·F¹À³o¬O§Ú­Ì²á¤Ñªº¤º®e,3
²Ä¤@±i¯È±øÂ§«ô¤@¼g¦¨Â§¤@«ô ¤@©w¬O¤Óºò±i_«¢«¢«¢,2
¦n²¢..,2
³o­Ó¦r¦n¦n¬Ý¡I¡I¡I,2
¦r¦n¬Ý«Ü¥[¤À,5
¦pªG¨S¦³¦n·P¯uªº§O³o¼Ë¡K,7
¦n®öº©¤]¦n¦³¤ßÕÙ¡I,2
¨þ¦³À¸³á¡I½Ä§a,5
¥L¨ººØ§_©w¦¡»¡¸Ü²ßºD §A½T©w¯uªº¥æ©¹¹L¤F¼öÅÊ´Á§AÁÙ·|¨ü±o¤F¡H,7
§Ú¤Ñ¯¯¨k¡A¤¤¤F ¤£»¡¤F §Ú¬ù¤F¥t¤@­Ó¤k´Ë¤µ±ß¹B°Ê,3
©p¬O¯u¤Hª©ªº¡u¾Õªø®»§Ë¤Hªº°ª¤ì¦P¾Ç¡v¹À,3
§Ú«ç»ò·PÄ±³£¬O©p¹L«×²q·Q,3
¸ò§Ú¦³ÂI¹³¡C ³oºØ³Ì¾A¦X¹³§A³o¼Ë§ðÀ»©Ê±jªº¤k©Ê¡C ½Ð©ñ¤j©Û¤F¡C,3
½Ä¤F°Õµ¥¤°»ò_,5
½Ä¤F°Õ ¤@©w·|¦¨¥\ªº,5
§Ö¤W°Ú©j©f¡I¡I,5
§A¬O¥L°ß¤@­n¦nªº ¤£¹ï©p¦n¹ï½Ö¦n«¢«¢«¢ »¡¤£©w©p¦Û¤v·Q¤Ó¦h,7
µ¹¥L¬Ý³o½g°Ý¥L·N¨£,7
§ÚÄ±±o¥L³ßÅw§A ½Ä¤F°Õ°Õ°Õ¡I¡I¡I,2
½Ä¡I¦Ó¥B­n·í­±¡I,5
¦~»´¯u¦n_,5
§ÖÂI§i¥Õ°Õ§Ú­n¥d¤@­Ó,3
ÁÙ¬O§A¥i¥H¸Õ±´¥L¡A³Ìªñ¦³¨S¦³³ßÅw¤°»ò¤k¥Í°Ú §ÚÀ°§AÅ²©w¬Ý¬Ý~³o¼Ë ¡A¬Ý¥L«ç»ò¦^µª _ ¦ý§ÚÄ±±o¡A¦pªG¯uªº³ßÅw¡A´N½Ä¤F°Õ¡I ¯¬§A¦¨¥\~~,3
¸ò§ÚªB¤Í®¼¹³ªº¡A¤]¬O¤Ñ¯¯¡A¦ý¥LÀ³¸Ó¬O©È¾i¤£°_+¾á¤ß¥Í¬¡·|³Q­­¨î¤Ó¦h,3
¥D°Êªº¤k¥Í³Ì¥i·R¤F¡I¥[ªo¡I,5
ª½±µ§i¥Õ¡Cª½±µ¨£¯u³¹¡A¦¨¥\´N¯¬ºÖ§A¡F¥¢±Ñ¤]¨SÃö«Y¡A¦Ü¤Ö§A¦³¤@­Óµª®×¤F¡I ¥[ªo,5
§ÚÄ±±o¥i¥H½Ä ¦ý¤]¥i¯à¦]¬°¸ò§A¤Ó¦n¤F ©Ò¥H´N»¡»¡§¾¸Üªº·PÄ± ¦nÃøÀ´,5
¥LÄ±±o§A¦b¶}ª±¯º §A´Nª½±µ¿Ë¤W¥h ¬ÝµÛ¥L¤£»¡¸Ü,5
½Ä¤F ©p¤W¤F¥L§a¡I,5
©p¬O¤°»ò¬P®y´c©O,3
­n­n­n¡I ¤£­n¸ò§Ú¤@¼Ë¦]¬°®`©È¿ù¹L¤F,9
·F ³o­Ó§ÚÄ±±o¦³ÕÙ ¸Õ¸Õ¬Ý,3
§O¤Hªº°ª¤¤¥Í¬¡Á`¬O¤ñ¸ûºë±m,3
§i¥Õ¡I¤£­n«á®¬¡I¡I,5
½Ä¤@ªi´N¤£·|·w¤F¡A¤£ºÞ¬O©Úµ´ÁÙ¬OµªÀ³,5
©p¤£·|ª½±µ§èµÛ¥Lªº¦ç»â»¡:§A¦A¤£¤W§Ú §Ú´N­n¤W§A¤F!!!,5
·PÄ±¬O¦³À¸ ¦ý§Ú¬OÄ±±o©p¼ÐÃD¥i¥H§ï¤@¤U ¥L¥»¤H¦pªG¬Ý¨ìÀ³¸Ó·|°hÁY,3
¤£µM§A¬O·Qµ¥¥L³Q«á­±¥X²{ªºµ{«rª÷·m¨«¤~­n§i¥Õ³á¡H,3
µ´¹ï¤¤¤F¡A¤£­nÃhºÃ,5
®tÂI¥H¬°¬O§Ú­ô À~¦º,3
³o¨ì©³¤T¤p¼ÐÃD,0
¤W¥L¤F°Õ¡A½Ä¤@ªi°Õ,5
±i¶û®Ú¥»³à¤ß¯f¨g,0
³o¨kªº¦nÃa,0
¤Ñ°Ú....³o¿Ñ±þ§a....,0
®Ú¥»»W·N¿Ñ±þ,0
®Ú¥»©U§£¡I¦³°÷ÅÜºA,0
°® ¡K,0
À°±À,3
¤Ó¸Ø±i¤Fÿ.À°±À,0
¤j®a¯uªº­n¦hª`·N®£©Æ±¡¤H¡K,3
§Ú¯uªº¦n·Q¼Þ¥´¥L,0
·F ©U§£ °OªÌ§Ö¨Ó§Û¡I¡I¡I ¤j®a«öÆg¯d¨¥±À¤W¥h,0
¤Ó¥i©È¤F¡I¡I,9
¥i¯à¦³·P±¡¤Wªº»~·|¾É­P¨º­Ó¤HµoºÆ¡A¦^¨ìªk«ß¼h­±¤W¡C±þ¤H¥¼¹E¡C,3
³»¡I¡I·R¤ß«ö°_¨Ó,2
°­®qÁÙ¦b¼o¦º ¾Þ§A¶ýªº¼o¦º,4
°® ¬Ý¨ì¥Í®ð¦n·Q­ú ¦n¤ß¯k©f©f ¤]¤ß¯k§Aª¨ ³æ¿Ëª¨ª¨¬ÝµÛÄ_¨©¤k¨à³Q½V ¯uªº¤@¸U­Ó¤ß³£¤£°÷¸H ©U§£¯uªº¥h¦º ¤­°¨¤À«Í,0
¤Ó¹L¤À¤F¡I,0
¬Ý¨ì­ú ¦nÃø¹L §Æ±æ©f©f§ÖÂI¦n°_¨Ó ¤£­n¦Aµh¤F,0
¤j®a¤@°_À°¦£³»¤@³»¡I,3
«ç»ò·|¦³³oºØ©U§£,0
±À¡I¬Ý¤F¯uªº¦n¤ß¯k¡I§Æ±æ©f©f¥i¥H¦­¤é±d´_¡I °OªÌ§Ö¨Ó§Û¡I,0
¦n¤ß¯k¡K±À¡I¡I,1
À°±À,3
°®³o¦n¶Ì²´¡K¡K,0
¤£·Q°ø¨D¥L±o¨ì«ç»ò¼Ëªº³B»@ ¥u§Æ±æ¥L­þ¤Ñ¦ºªº®É­Ô¯àµh­W¤@ÂI,0
°®ªL²D¶Wäú¤ß³o¤°»òºÆ¤l¡A­n¦Û±þ»°§Ö¥h¡A¤£­n¯d¦b¥@¬É¤Wº×®`§O¤H,0
¤Ó§è¤F,0
¥ý°²¦©,0
°²¦©©ã¹ï¤è°]²£§a,0
²h ¯b¥Í,0
±ÀÃz ¥L¶ýªº¨ì©³¦b½Ä¨F¤p,0
¤Ó¥i´c¤F,0
¨¯­W¤F ¦n¤ß¯k¡K ¥[ªo¡I¡I,0
À°±À¡I ³oºØ¤H¯uªº¸ÓÃö¨ì¦ºÕÙ ©U§£ §Æ±æ§A©f©f»°§Ö¦n°_¨Ó,0
¬Ý§A­Ì­n¤£­nªá¤jµ§¤@ÂIµM«á§â¹ï¤è¨º­Ó±¼¡C¤£µM´N¤Ï¼²¦^¥h¡C,0
À°±À ¯¬©p©f¦­¤é±d´_¡AµM«á©p©M©pª¨­n¦Û¤v«O­«¨­Åé,5
§è,0
¯¬ºÖ¦­¤é±d´_,0
°®¤]¤Ó¥i©È,0
¤@©w­n§i¨ì©³¡IÅý¥L¥I¥X¥N»ù,0
¥»¦W¡A¦í§}¡AÀ³¸Ó³Q¤½¥¬¡A³o¤~¤è«KÅý¤H´À§A­Ì°Q¤½¹D,0
§Æ±æ©f©f¥i¥H¦­¤é±d´_,0
¦n¥i©È... §Æ±æ§A©f©f¦­¤é±d´_,0
±Àÿ.­ü,0
¯uªº¤Ó®£©Æ¤F.................,9
¥i¥H¥hÃz®Æ¤½ªÀpo¤å¤F,3
±À ¡I¡I¡I,3
­n§ëµ¹·s»D¶Ü,3
³o¬O±þ¤H¥¼¹E§a¡A¦³°÷¸Ø±iªº §Æ±æ§A©f©f»°§Ö¦n°_¨Ó,0
À°±À ©f©f¥[ªo¡I¦n¤ß¯k,1
§ì¨ì¤HÃö°_¨Ó¤F¶Ü,3
¶ýªº¶W®ð ³oºØ©U§£À³¸Ó­nª½±µ³Q¯y¯y ¯¬§A©f©f¦­¤é±d´_¡I,0
¥i¥H¨k©Ê¶û¥Ç¤½¶}¦W¦r¶Ü¡H,3
©U§£ÕÙ¡I¡I ¯¬§A©f¦­¤é±d´_,0
À°±À ¤Ñªü «ç·|¦³³oºØ¤H,0
¶W§èÿ.À°±À¡I ¯¬§A©f©f¦­¤é±d´_,0
ª½±µ§i¤F ½Öª¾¹D­þ¤Ñ§Y¨Ï¥X°|±d´_¤S¹J¨ì,0
¤Ä´c·Q¬~¥Õ¾a³o¦¸¤F¡A³o¤~¬O§A¯u¥¿»Ý­nÀ°§Uªº¤H,0
±o¤£¨ì´N·´±¼ ¯uªº³à¤ß¯f¨g «ô°UÄYÃg¦n¶Ü,0
°OªÌ©O¡H³o­n¤W·s»D¤½¥¬ªø¬Û¤F§a¡H ¦³®É­Ô¤£ÄY¿ì¬O¦]¬°¨S¤½²³¾Ø¥ï¡A«ØÄ³¾x¤j¤@ÂI¡AÅý¥LÃö¤[¤@ÂI,0
§¹¥þ¤£¤ä«ù¼o¦º¡I ¨k¤è¯uªº¦³°÷¥i´c ¸Ó¦ºªº´N­n§P¥L¦º°Ú,0
¤Ó¥i©È¤F,0
¨S¦³»F¨Æ°k¶hªº°ÝÃD³á¡@ª½±µ½×±þ¤H¥¼¹E,0
±À ¯uªº¤Ó§è ¶Ë¦¨³o¼Ë¥i¨£·í¤U¼²ªºªº¦h¬½,0
¦o«e¨k¤Í»¡´Ý¼o¬O¤£¬O¥i¥H°ù¦o¡H ·F¡A¦näú³á,0
¤Ó®£©Æ¤F......¦³¨S¦³¥´ºâ¶}­Ó®½´Ú±b¸¹ ¤£µM³o¼Ë¶O¥Î­t¾á¤Ó­«¤F,0
³o¯uªº¦n§è ¤Óäú¤ß¤F «ô°Uµ¹¥LÃö¨ì¦º ©f©f¥[ªo §Æ±æ»°§Ö±d´_¤~¦³¤O®ð¹ï§Ü´c¤H,0
¤Ñ¡K¡K¡K¼v¤ù¯uªºÀ~¦º§Ú¤F «ç»ò·|¦³³oºØ¤H¡K¡K¡K,0
°® ³o©U§£ÿ ¤@©w­n°í«ù§i¨ì©³¡I §Æ±æ§A­Ì¼µ¹L³o¬q®É´Á¡A¥[ªo¡I ©f©f¦­¤é±d´_,0
³ø·s»D¡I¦U¤j´CÅé³£¥h¡AÁÙ¦³Ãz®Æ¤½ªÀ,0
¨S¦³·s»D¡H,3
¥xÆWªk«ß¤Ó»´ ³o´N¬O»W·N±þ¤H,0
§Ö¥h¥Ó½Ð¦©©ã°]²£¤£¯àÅý¥L®a¤H²æ²£¡I¡I¡I¡I §i¨S§¾¥Î ¯uªº¨S¦³¥Î ªk«ß³£¬O«OÅ@Ãa¤H ¯uªº¤£¦p¼²¦^¥hÅý¥LÅõºÈ©Î¬Oª½±µÅý¥L¼²¦¨´Óª«¤H,0
·F ¦n·Q¯y±¼¨º­Ó¨kªº ¤°»ò¤H´í ¥h¦º°Õ ¬Ý¤F¯uªº¦nÃø¹L¡K¡K,0
·F ¦n¥Í®ð §Æ±æ©f©f»°ºò±d´_ ±i¶û·|¦³³øÀ³¡C,0
¦n¤ß¯k...¨¯­W§A­Ì¤F¡I,5
¦n¥i©È ¥i¥H¤½¥¬¶Ü,9
¦nÃø¹L ³oºØ¤H´íÀ³¸Ó³Q§é¿i­P¦º§a,0
äú¨k«ç»òÁÙ¥i¥H¦b¤@°_¨º»ò¤[¡K¡K,0
Åý¤@­Ó¦n¦nªº¤k«Ä¤l¨ü³o¼Ëªºµh­W ¤k«Ä®a¤H¤S¾á¤ß¤S¦³¶O¥ÎÀ£¤O µ²ªG¶û¥Ç¤£¥uµL®¬·NÁÙ¬Û·íÅÜºA ¦n·N«ä»¡­n°ù¦o §Æ±æªk«ß¬ÛÃö¤H¤h¬Ý¨ì³o½g ³»,0
·PÄ±·|¤W·s»D À°±À,3
¤Ó§è¤F °® ¯¬©f©f¦­¤é±d´_,5
¡K¡K¡K¡K¡K¡K¡K¡K§Æ±æ¥L¨D¥Í¤£±o¡A¨D¦º¤£¯à,0
§Ú­Ì·|¤£·|¤S¦A¦¸¥Ø¸@¸Ø±iªº¥xÆW¥qªk¼f§P,0
§Ú¤£´±¬Ý¼v¤ù ©f©f¨¯­W¤F ©n©n¥[ªoÿ.,0
¦n·Q¤]¶}¨®¼²¦^¥h,0
À°©p°ª½Õ §Æ±æ©f©f¦­¤é±d´_,5
¤Ó§è¤F §i¦º¥L¡I,0
©f©f¦­¤é±d´_ Ãa¤H§ÖÂIÃ·¤§¥Hªk,0
±À¤W¥h¡I¡I°OªÌ§Ö§Û¡I¡I,0
¦n¥i©È,0
¾Þ ¥xÆW«ç»ò±M¾i³oºØ±þ¤H¥Ç¡A³oºØ¯b¥Í¥Îªk«ß¨îµô®Ú¥»¨S¥Î¡AªGµM§ÚÁÙ¬O¤ä«ù¨p¦D¥¿¸q,0
¤Ó¥i´c¤F ¤j®a¤@°_±À°_¨Ó °OªÌ§Ö¨Ó§Û,0
¦b¥æ©¹´Á¶¡¬Ý¤£¥X²§ª¬¶Ü¡H¦pªG¬Ý¤£¥X¨Óªº¸Ü¨º¦n®£©Æ¡I,0
³oºØ©U§£§i¦º¥L,0
§Æ±æ©f©f¥i¥H¦­ÂI¦n°_¨Ó,5
¥i¥H§P­xªk¶Ü?,3
³oµ´¹ï¬O¿Ñ±þ §¹¥þ¨S¿ìªk·Q¹³©pª¨ª¨¬Ý¨ì¦Û¤v¤k¨à³QÁÓ¹L¥h®Éªº¤ß¸H,3
¤Ñ°Úÿ¯¬¦­¤é±d´_¡I,5
¬Ý¨ì¤ß¦³°÷µh¡A§ó§O»¡¬Oª¨ª¨©M©n©n¤F¡K¡K ¦ý½Ð§A­Ì­n«O­«¡A±µ¤U¨Ó­n¥´©x¥q¬O»Ý­n¯Ó¶Oºë¯«ªº¡A§Æ±æ§A­Ì³£¦n,0
¦n¥i©È¡K«ç»ò°µ±o¥X³oºØ¨Æ°Ú §Æ±æ©f©f»°§Ö¦n°_¨Ó¡I,0
¯uªº¦n¥i´c §A¸ò§Aª¨³£­n¥­¦w¡I §Æ±æ§A©f©f¯à¦­¤é±d´_ ¤@©w­nÅý³oºØ¤H¨ü¨ìÃg»@,0
¶W§è,0
¯uªº¬O©U§£ «ô°UÃö¨ì¦º,0
³oºØ¤H¤½¥¬¹ï¤è©m¦W¤]¨SÃö«Y§a ¦Ü©ó°»¬d¤£¤½¶}¬Oµ¹¬¡¤Hªº,0
³o¤H¤£±o¦n¦º,0
©f©f±d´_«á«ØÄ³¥h°µ¤ß²z¿Ô¸ß ª¨ª¨¸ò©p¤]¬O §Æ±æ©f©f¦­¤é±d´_,5
¤W¤@¥ô¤]¬O®£©Æ±¡¤H ¯uªº¶V¨Ó¶V®£¨kÿ,9
¤Ó¥Í®ð¤F «ô°U¥qªk­nÁÙµ¹§A­Ì¤@­Ó¤½¹D¡I ³Ì¦nÃö¥LÃö¨ì¦º Ãö¤@½ú¤l¡I,0
¤Ñ­þ ³o®Ú¥»±þ¤H¤F§a ¨º±þ¤H¥Ç¯uªºÃö¤F´N§O©ñ¥X¨Ó ¯¬ºÖ©f©fª¨ª¨¦­¤é±d´_,0
¨kªº¦³¯f§a ¦b¤@°_³o»ò¦h¦~ Ãø©Ç¤k¥Í·Q¤À¤â ¤Ó¥i©È¤F,0
°OªÌ§Ö§Û¡I¤WÀY±ø¡I§i¦º¥L¡I,0
²{¦bªk©x§Pªº³£«Ü»´¡A¤£¥i¯àµL´Á®{¦D¡AÄ@©p©f©f¦­¤é±d´_,5
¥xÆWªº¥qªk¤£­n¦AÅý§Ú¥¢±æ¤F ¨º¨Ç¦Y­»³Ü»¶ªº©x­û¬Ý¨ì¨S¡H¡H,0
§Æ±æ©f©f¥i¥H§ÖÂI¦n°_¨Ó,5
³oºØ®£©Æ±¡¤H«e¨k¤Í¦n¹³¥i¥H¥Ó½Ð«OÅ@¥O¡I¡I,3
¹J¨ì³oºØ¤H¯uªº«Ü¥i©Èÿ §Æ±æ§A©f©fÁÙ¦³§Aª¨ª¨³£¯à¦­¤é±d´_ ,9
³oºØ¤H¯uªº¤£±o¦n¦º== ¤Ó¤ß¯k§A­Ì¤F,0
¬Ý¤F¯uªº¯uªº¦nÃø¹L¡K,1
¯uªº¤Ó¥i´c¤F¡I,0
¤°»ò´Ý¼o´N¥i¥H°ù ¨Ñ¤T¤p ¥xÆWªºªk«ß¯uªº­n¨îµô³oºØ¯«¸g¯f,0
°OªÌ§Ö§Û°Ú¡I,0
·F³oºØ¤H«ç»ò¤£¥h¦Û±þ¤ñ¸û§Ö ¥h¦º¤@¦º°Õ ¦n¤ß¯k§A­Ì ¤×¨ä¬O§Aª¨ª¨¡K,0
³o¤E¦~¨Ó¥L­Ì¨ì©³¬O«ç»ò¬Û³Bªº ·Q¨ì´NÄ±±o¥i©È,0
»W·N±þ¤H¡I¡I·F¡I«ô°U¤U¦aº»¡I,0
À°±À ³o¤Ó¸Ø±i¤F ¨kªº¦n®£©Æ,0
«ç»ò·|¦³³oºØ¤H,0
¤j®aÀ°¦£³»¤W¥h,0
¤Ó¥i´c¤F,0
¨¯­W¤F¡K³oºØ¯«¸g¯f¯uªº¨S¦³¸ê®æ¬¡µÛÕÙ¡K§Æ±æ¥qªk¯à°÷µ¹§A­Ì¦X²zªº§P¨M¡K,0
¨C­Ó³æ¦ì³£¦³«æÃø¸É§Uª÷ ¦pªG¸gÀÙ¤W¦³§xÃø °Ý¤@¤U©f©f³æ¦ì»²¾É,5
¦³°÷§èªº,0
¤T¤p¥L¶ýªº¥L¬O¦³¤°»ò¯e¯f ·F¡K¯uªº«Ü¤ß¯k,0
¤Ó¸Ø±i¤F ¯¬©f©f¦­¤é±d´_ §A­Ì¤]­n¦h¥ð®§¤~¯à¦³¤O®ð·ÓÅU©f©f,0
©f©f¦­¤é±d´_,5
¹w¿Ñ±þ¤H ³o¥i¥H¦º¦D¤F§a... ¦Ü¤ÖµL´ÁµM«á²×¥Í¤£±o°²ÄÀ,0
³o¦~ÀY ½ÍÅÊ·R ·V¿ï¹ï¶H ¦­¤é±d´_,5
§Æ±æ¯à¦­¤é±d´_ ½Ö³£¤£Ä@·N¹J¤W³oºØ¨Æ...¨¯­W¤F¥[ªo!,5
§Æ±æ©f©f»°§Ö±d´_¡I³oºØ¤H¯uªº§ÖÂI¥h¨ü¨ì³øÀ³,0
"³o¬O±þ¤H¸o , ¥i¥H½ÐÄµ¹î²¾°e¦aÀË¸p , ¥ÑÀË¹î©x°_¶D , µ¥¸o¦W¦¨¥ß§P¦D«á¦A½Ð¨D¥Á¨Æ½ßÀv",0
¯uªº¬O©U§£ ¬Ý¤F«ÜÃø¹L §Æ±æ©f©f§Ö¦n°_¨Ó,0
´c¤H¥u¯àÅý´c¤Hªv¡A®£©Æ±¡¤H­nºCºC¤À¤â¡A³q±`®a®x¬O¦³°ÝÃDªº¡A¤]«Ü¦h°ª¾Ç¾ú·|°á®Ñ¦ý¤£·|­±¹ï·P±¡°ÝÃD¡A·P±¡±Ð¨|±q°ê¤p´N­n¶}©l±Ð¡A¨ººØ·|ºLªF¦è·|¹ï§A¤j¤pÁn¬Æ¦Ü¥Î¥Í©R«Â¯Ù§Aªº³£¬O¦MÀI±¡¤H¡A°£«D§A¥i¥H°µ¨ìÅý¥L§ä¤£¨ì§A§ä¤£¨ì§A®a¤H¡A¤£­n³æ¤è­±´£¤À¤â,0
¨¯­W¤F¡I¡I§Æ±æ¦­¤é±d´_¡I¡I,5
¼v¤ù¬Ý§¹¯uªº§Ö­ú¤F «ç»ò·|¦³³o»ò´c¦H¤Säú¤ßªº¤H §i¦º¥L,0
±À¤W¥h¡I¡I ±i¨k¯uªº¸Ó³Q¸H«Í¸U¬q,0
©U§£,4
©f©f¥[ªo¡I,5
³o¦³¤W·s»D¶Ü?,3
©f©f¥[ªo¤£­n©ñ±ó ¤@¤Á³£·|¦n°_¨Óªº ª¨ª¨¸ò©n©n¤]¬O §A­Ì¨¯­W¤F,5
³o¤@©w­n±ÀÃz¡I¡I ¥Ç¤H¤@©w­n¨ü¨ì¸Ó¦³ªºÃg»@¡I¡I °OªÌ§Ö§Û¡AÀ°°ª½Õ¡I¡I,0
®ð¨ì¯d¨¥== ¤°»ò©U§£ªF¦èªü__,0
¤Ó¸Ø±i¤F¡K¡K¡K¯uªº­nÅý³o¨kªº³Q¬½¬½ªºÃg»@ ­«ÂI¬O¥LÁÙ§¹¥þ¨S®¬·N¡K¡K¯uªººÆ¤F§a,0
¹ï¤£°_§Ú¯uªº«Ü°Q¹½³o»ò»¡ ¦ý³o¦¸¯uªº«ô°U °OªÌ§Ö§Ö¨Ó§Û§a §Ú¤£ª¾¹Dªk«ß¦³¨S¦³¥Î ¦ý¦pªG¦³´CÅéªºÁn¶q ¦Ü¤Ö¥i¥H«OÅ@¨ì§A­Ì,0
§A­Ì¤@©w­n¥[ªo,5
©f©f¤@©w·|¦n°_¨Óªº,5
³oºØ¤H¯uÀ³¸Ó¦º¤@¦º,0
¨º¥y¬O¤£¬O¥i¥H°ù¦o¤F¯uªº¶W¥i©È¡K®Ú¥»ÅÜºA¨ì·¥­P,0
®£©Æ±¡¤HµoºÆ°_¨Ó¯uªº¥i©È........ ¯¬©f©f¥i¥H¦­¤é²æÂ÷ÃøÃö,0
¤Ó¥O¤H¥Í®ð¤F¡I,0
«ô°UÃö°_¨Ó ¤Ó¥i©È¤F,0
¬Ý¤F¶WÃø¹L §A­Ì¤@©w­n°í±j¡K,1
¬Ý¤F¶WÃø¹L §A­Ì¤@©w­n°í±j¡K,1
¯uªº¬Ý¨ì«ÜÃø¹L¡A§Æ±æ©f©f¥i¥H¦­¤é±d´_¡C ¬Ý¨ìÁÓ¹L¥h¨ºÃä¯uªº¬O¤ß³£´ª¦b¤@°_¤F¡A¥[ªo¡I,1
¤Ó¥i©È¤F§a ¦n©U§£ÿ,0
¯uªº¬Ý¨ì«ÜÃø¹L¡A§Æ±æ©f©f¥i¥H¦­¤é±d´_¡C ¬Ý¨ìÁÓ¹L¥h¨ºÃä¯uªº¬O¤ß³£´ª¦b¤@°_¤F¡A¥[ªo¡I,0
°® ®ð¨ìµo§Ý,0
°® ®ð¨ìµo§Ý,0
¦n¥i©È°®,0
®£©Æ±¡¤HµoºÆ°_¨Ó¯uªº¥i©È........ ¯¬©f©f¥i¥H¦­¤é²æÂ÷ÃøÃö,0
¦n¥i©È°®,0
°® ¤Ó§è¤F¡K¡K¡K ³o­Ó¤@©w­n±À¤W¥h §è¨ìÃz ¤ý¤K³J©U§£,0
°® ¤Ó§è¤F¡K¡K¡K ³o­Ó¤@©w­n±À¤W¥h §è¨ìÃz ¤ý¤K³J©U§£,0
¦­¤é±d´_ ¨¯­W³o»ò¤pªº©f©f ´c¤H¦³´c³ø¡I,0
¬Ý¨ì­úÿ¯uªº¦n¤ß¯k ¬°¤°»òÁ`¬O¦³³oºØ¨Æ±¡µo¥Í ¯¬§A­Ì¶¶§Q ¦­¤é±d´_ ¤j®a³£¦b³o¸Ì¬°§A­Ì¥[ªo ¤£­n©ñ±ó¡I¡I¡I,0
¦º¦D°Õ·F,0
¶W¯Å¤ß¯kªº,1
¤Ó¹L¤À¤F,0
°¨ªº¯uªº«Ü©U§£,0
¦­¤é±d´_ ¨¯­W³o»ò¤pªº©f©f ´c¤H¦³´c³ø¡I,0
°¨ªº¯uªº«Ü©U§£,0
¶W¯Å¤ß¯kªº,1
§A­Ì¤@©w­n¥[ªo,5
¦º¦D°Õ·F,0
¤Ó¥i´c¤F³oºØ¤H,0
®Ú¥»´N¤£¬O¤H ¼oª«,0
¦n¥i©È¡A§Æ±æ¤£­n¦³«á¿ò¯g,0
°® ¨º­Ó¼v¤ù¤ÓÅå¤H ³oºØ»W·N¤£¯àÃö¨ì¦º¶Ü,0
±À «ô°U­nÅý§ó¦h¤H¬Ý¨ì ³oºØ¤H¤Ó¥i´c¤F,0
¦n¤ß¯kÿÿ ¯¬©f©f¦­¤é±d´_,5
¨F¤p¸£´Ý«e¨k¤Í äú¤ß,0
Äê¤H¤@­Ó,0
³o¬O¹w¿Ñ±þ¤H§a¡H,0
°® ¨º­Ó¼v¤ù¤ÓÅå¤H ³oºØ»W·N¤£¯àÃö¨ì¦º¶Ü,0
¯uªº¶Ì²´®ðºÆ,0
¤Ó¥i´c¤F³oºØ¤H,0
Äê¤H¤@­Ó,0
±À «ô°U­nÅý§ó¦h¤H¬Ý¨ì ³oºØ¤H¤Ó¥i´c¤F,0
¦n¤ß¯kÿÿ ¯¬©f©f¦­¤é±d´_,5
¨F¤p¸£´Ý«e¨k¤Í äú¤ß,0
®Ú¥»´N¤£¬O¤H ¼oª«,0
©U§£Äê¤H ¤U¦aº»¥h°Õ,0
§Ú¤£¤Ó·Q¼²±i¹Å¯q¥ý¥Í¡A¦ý§Úªº¨®¥i¤£³o»òÄ±±o,0
§i¦º¥L°Õ ·F,0
¤Ó¥i´c¤F ®Ú¥»©U§£ À°±À¡I¡I,0
¦pªG§Ú©f¦³­Ó¤Tªø¨âµu §Ú·|¤£­p¥N»ù®_¤F¥L ©Ô°ò,0
¦n®£©Æ¡K¡K §Æ±æ©f©f¦­¤é±d´_¨«¥X³±Åµ,0
±i¶û¯uªº¬O¯b¥Í,0
¬Ý§¹¤õ®ð¤W¨ÓÕÙ §Æ±æ©f©f¦­¤é±d´_®@,0
©U§£Äê¤H ¤U¦aº»¥h°Õ,0
¦n®£©Æ¡K¡K §Æ±æ©f©f¦­¤é±d´_¨«¥X³±Åµ,0
§i¦º¥L°Õ ·F,0
¤Ó¥i´c¤F ®Ú¥»©U§£ À°±À¡I¡I,0
±i¶û¯uªº¬O¯b¥Í,0
§Ú¤£¤Ó·Q¼²±i¹Å¯q¥ý¥Í¡A¦ý§Úªº¨®¥i¤£³o»òÄ±±o,0
¬Ý§¹¤õ®ð¤W¨ÓÕÙ §Æ±æ©f©f¦­¤é±d´_®@,0
¦pªG§Ú©f¦³­Ó¤Tªø¨âµu §Ú·|¤£­p¥N»ù®_¤F¥L ©Ô°ò,0
¨kªºÂ²ª½©U§£,0
¶m¥Áªº¥¿¸q¸Ó¥X°Ê¤F¡A´N¸Ó¥Î¦b³o­Ó¼²¤Hªº©U§£¨­¤W,0
·F ¤ñ¸VÃ~ÁÙ¤£¦p,0
³o¤@©w­n¤W·s»D¡A³oºØ¤H´íäú¤ß¦º¤F,0
³oºØ¤H¤@©w­n²¾°eªk¿ì §Ú¬Ý¨ì³£­ú¥X¨Ó¤F,0
«ØÄ³¨p¦D ½V±i¶û ¨Ï¨ä»P³Q®`ªÌ¤@¼Ë,0
·F °Ú¨ººØ©U§£«ç»òÁÙ¨S¦º,0
¶m¥Áªº¥¿¸q¸Ó¥X°Ê¤F¡A´N¸Ó¥Î¦b³o­Ó¼²¤Hªº©U§£¨­¤W,0
³o¤@©w­n¤W·s»D¡A³oºØ¤H´íäú¤ß¦º¤F,0
·F ¤ñ¸VÃ~ÁÙ¤£¦p,0
·F °Ú¨ººØ©U§£«ç»òÁÙ¨S¦º,0
¨kªºÂ²ª½©U§£,0
«ØÄ³¨p¦D ½V±i¶û ¨Ï¨ä»P³Q®`ªÌ¤@¼Ë,0
³oºØ¤H¤@©w­n²¾°eªk¿ì §Ú¬Ý¨ì³£­ú¥X¨Ó¤F,1
¯¬¶û¥Ç¤£±o¦n¦º©U§£,0
·F¥L¶ýªº©U§£¤H¯uªº©U§£¨ì·¥­P,0
·F ¯u¬O¤H´í,0
«ç»ò·|¡K©U§£,0
¯¬¶û¥Ç¤£±o¦n¦º©U§£,0
¤Ó¹L¤À¤F¡I§Æ±æ§A­Ì¤@®a¤H³£¯à¥­¥­¦w¦wªº,0
·F ¯u¬O¤H´í,0
¯uªº«Ü§è= = ªk«ß¯uªº¨S¤°»ò¥ÎÃö¤@ÃöÁÙ¤£¬O·Ó¼Ë¥X¨Ó³Ñ¤U¨ü®`ªÌ¸ò®aÄÝ¨C¤Ñ¾á¤ß®`©È,0
§Æ±æ¯à®½´Ú,0
¦nÁV¿|ªº¤H¡K,0
¦nÁV¿|ªº¤H¡K,0
·F¥L¶ýªº©U§£¤H¯uªº©U§£¨ì·¥­P,0
¯uªº«Ü§è= = ªk«ß¯uªº¨S¤°»ò¥ÎÃö¤@ÃöÁÙ¤£¬O·Ó¼Ë¥X¨Ó³Ñ¤U¨ü®`ªÌ¸ò®aÄÝ¨C¤Ñ¾á¤ß®`©È,0
¤Ó¹L¤À¤F¡A¯uªº¨¯­W§A­Ì¡A¤£¯à·Q¹³ª¨ª¨¸Ó¦³¦h»ò¤ß¯k¡A§Æ±æ©f©f¯à¦­¤é±d´_,5
¤Ñ°Ú¯uªº¦n®£©Æ §Æ±æ©f©f¦­ÂI¦n°_¨Ó §A­Ì³£­n¥[ªo¡I¡I,5
©U§£¯b¬¹,4
À°°ª½Õ°Ú¤Ó¸Ø±i,0
¤H«ç»ò¥i¥H³o»ò´Ý§Ô,0
§Úªº¸Ü·|Ä±±o©ÊÄÌÂZ ¤£¹L·í¨Æ¤H¦pªG¤£³o»òÄ±±o ¨º´N¤£¥Ì§Úªº¨Æ,0
°Q¹½¬Ý³o¨Çÿ,0
·í®É¬Ý¨ìªº½TÄ±±o¨S±ð¤S§C¯Å,8
¨º§A¥i¥H¬Ý¤Ï°©,3
©Ê§O½Õ´«·|¬O§¹¥þ¥t¥~¤@¦^¨Æ,3
§ÚÄ¹¤F´N¨SÃö«Y¤F,3
¸`¥Ø®ÄªG§a »{¯u´N¿é¤F,3
¯u¥¿ªº¥­Åv´N¬O¤£Âù¼Ð¤£¤À¨k¤k³£¥i¥HÁ¿,3
¨S¨Æ¤k¥Í³£¥i¥H©ÊÄÌÂZ¨k¥Í§i¤£Ä¹,3
¤k¥Í³o¼Ë«Üäú¤ß,8
¦oªº¤H³]´N³o¼Ë °µ¸`¥Ø®ÄªG ¦ý¹ê¦b¦P·N©ÊÄÌÂZªk¦³°÷§C¯à¡A§ï¦W¥s¥x¤k¤£¶}¤ß«OÅ@ªk¤ñ¸û¦X²z,8
§¹³J¤F ¦Û·´«eµ{ ÁÙ¨S¬õ°_¨Ó´N¨S¤F,8
...³£¼²¨ì¤T¦¸¥H¤WÁÙ¤£°±¤U¨Ó¤S°k¶h ¤Tª÷¸Ì¦oªº¬P³~³Ì¤£¶¶¤]¬O¶Â®Æ³Ì¦hªº ¤~21·³´N¨º»ò¤£¦Û·R ¦Û·´«eµ{¯uªº¤U¥h¤F,3
.......¡H³o­Ó¦~ÀY«ç»òÁÙ¦³¤H´±°s¾r ÁÙ¬O¦~»´ºt­û ¯uªº«Ü¤£·R±¤¦Ð¤ò ÙTÙT¤F,7
·´¤Fÿ,0
¤°»ò°Õ°Ú°Ú°Ú°Ú ¬°¤°»ò¤£·R±¤¦Û¤vªº¦Ð¤ò°Õ°Ú°Ú°Ú,1
°s¾r¯uªº¨S¤°»ò¦n»¡ªº ºC¨«¤£°e,0
¬O¯uªº¸Ü¯uªº¥i¥H¤U¥h¤F ¦Û·´«eµ{ Â½¨­¾÷²vÁÍªñ0 ©¯¦n¬O¨S¦³µL¶dªº¤H¨ü¶Ë,0
°s¾r³£¸Ó¤U¥h ÙT¤F±z¤F,0
­ì¥»ÁÙÆZ³ßÅw¥Lªº... ¦ý°s¾r¤£ºÞ¤°»ò©Ê§O§Ú³£¤£¦æ ¦n«eµ{·´¤F ¦pªG¬O¯uªº¨ººC¨«¤£°eÕÙ ½Ð·R±¤¦Û¤vªº¦Ð¤ò,0
°s¾r¥J= = µ¹§Ú¤U¥h,0
¦n¦MÀI°ÚÁÙ¦h¦¸¼²À» ¤H¥Í¶}§½³o»ò¦nªº¤H«o¤£¦Û«ß ¥i±¤,0
°OªÌ§Ö§Û°Ú¡I,0
·F³oºØ¤H«ç»ò¤£¥h¦Û±þ¤ñ¸û§Ö ¥h¦º¤@¦º°Õ ¦n¤ß¯k§A­Ì ¤×¨ä¬O§Aª¨ª¨¡K,0
³o¤E¦~¨Ó¥L­Ì¨ì©³¬O«ç»ò¬Û³Bªº ·Q¨ì´NÄ±±o¥i©È,0
»W·N±þ¤H¡I¡I·F¡I«ô°U¤U¦aº»¡I,0
À°±À ³o¤Ó¸Ø±i¤F ¨kªº¦n®£©Æ,0
«ç»ò·|¦³³oºØ¤H,0
¤j®aÀ°¦£³»¤W¥h,0
¤Ó¥i´c¤F,0
¨¯­W¤F¡K³oºØ¯«¸g¯f¯uªº¨S¦³¸ê®æ¬¡µÛÕÙ¡K§Æ±æ¥qªk¯à°÷µ¹§A­Ì¦X²zªº§P¨M¡K,0
¨C­Ó³æ¦ì³£¦³«æÃø¸É§Uª÷ ¦pªG¸gÀÙ¤W¦³§xÃø °Ý¤@¤U©f©f³æ¦ì»²¾É,0
¦³°÷§èªº,0
¤T¤p¥L¶ýªº¥L¬O¦³¤°»ò¯e¯f ·F¡K¯uªº«Ü¤ß¯k,0
¤Ó¸Ø±i¤F ¯¬©f©f¦­¤é±d´_ §A­Ì¤]­n¦h¥ð®§¤~¯à¦³¤O®ð·ÓÅU©f©f,5
©f©f¦­¤é±d´_,5
¹w¿Ñ±þ¤H ³o¥i¥H¦º¦D¤F§a... ¦Ü¤ÖµL´ÁµM«á²×¥Í¤£±o°²ÄÀ,0
³o¦~ÀY ½ÍÅÊ·R ·V¿ï¹ï¶H ¦­¤é±d´_,5
§Æ±æ¯à¦­¤é±d´_ ½Ö³£¤£Ä@·N¹J¤W³oºØ¨Æ...¨¯­W¤F¥[ªo!,5
§Æ±æ©f©f»°§Ö±d´_¡I³oºØ¤H¯uªº§ÖÂI¥h¨ü¨ì³øÀ³,5
³o¼Ë¤~¹ï°Ú ¹êªp¤W®ÄªG°µ¦n°µº¡ ¸Ó¼Qªº¸Üµ´¤£©ñ¹L °Ú¹êªp¤U´N°µ­Ó¦nª¨ª¨ ±a¤O¶q¤H¨ì³Bª±,5
¤Ï¥¿¥L¨p¤U°µ±o¦A¦n¡A¤@°ï¤HÁÙ¬O¥u·|®³ª½¼½ªº¤º®e¥h¼L¥L±Ð¨|¥¢±Ñ,8
¤§«e¬Ý¹L003¦^¯d¨¥ ¨p¤U°Ý±á±áª±¹CÀ¸«ç»ò¨º»ò¥û ¥L»¡³£¬Oºtªº,3
´¿¸g¦b¸ô¤W¬Ý¨ìªü¯è¸ò003¡Aªü¯è¯uªº·x¨k¡AÀ°003®³¤@°ïªF¦è©M­I¥]¥]¡A³s¶R¶¼®Æ³£ªü¯è¤@¤â¥]¿ì¡A¤Ó·x¤Fªü¯è,5
±q¥H«e´N·|¬ÝOO3¨È¬w·O¤÷ÀW¹D¡A¦³°÷·x,5
©Ô­·ªº¨k¤H,5
°£¤F«ÓÁyÁÙ°½ÂÃµÛ·Å·xªº­Ó©Ê¡A¤Ó¬½¤Fªü¿},5
³o¬O­þ¨Óªº®Q¬¶,0
§Ú´N¬O³o¼Ë³Q°é¯»ªº~,2
¦¨¬°¦¨¼ô¨k¤Hªº²{¦b¶i¦æ¦¡,5
¬Ý°_¨ÓªÎ±o«Ü¤£°·±d ¸Ó´îªÎ¤F,3
ªL¨F¯ÀÃC ¤]¦³®t¦n¶Ü= = ¤£¹L¥L¦~¬ö¤ñ¸û¤j£t,3
©ú©ú´N¨S¦³®t«Ü¦h¡AÃþ«¬¤£¦P¦Ó¤w,7
¤K¨öªÎ¥J³Ì·Rªº ¤p¶¾ ¥H«e°ª¤¤¤]¤g¤g£t==,7
®M ±á±á»¡_ §A©³¤l¤£¦æ ­n¦³©³¤lªü,3
¾ã¨ì¬Ý¤£¥X¨Ó,8
´Nºâ¬O¾ãªº ¤]¾ã±o¶W¦¨¥\¦n¶Ü¨º­ÓÂå¥Í®Ú¥»¯«¤â¨ÓµÛ,3
¾ã±o®¼¦nªº,6
¯«©_Ä_¨©¨S¬Ý¹L¶Ü,3
¨ä¹ê¥H«eªºÁyÀ³¸Ó¤]·|¤£¤Ö¤H³ßÅw,3
¥H«e¤ñ¸û¦n¬Ý «Ü¦³¯S¦â,6
¦n¦nªº¾ã­ÓÂû¨à  ¨º­Ó¶ì®Æ¨ý,8
¶WÃø¹L ¤µ¦~¤@¤ë·Ý·Ý¤]¿}§¿¯fª×¯f¨«¤F¬Ý¨ì³o«h·s»D¯uªº¤S¦^·Q°_¨Ó¤F¦nÃø¹L,1
½²»´¯gµL¯gª¬¤£­n¥h«æ¶E,3
³o¤@ªi·|¬~±¼¤@¤j§åÅé®zªÌ¡B¥®¨à©M¦Ñ¤H,3
­n©Ç´N©Ç¯f¬r,3
³oºØªø´Áª×§ÉªºÀH®É±¾±¼³£¤£©_©Ç§a,3
³o­Ó¤]­n©Ç³¯...¤d¿ù¸U¿ù¥Á¶iÄÒ¶Ü,3
ªø´Áª×§É¿}§¿¯fªº°·±d¤H«ç»ò·|...,3
59·³´Nªø´Áª×§É RIP,3
®ÉÄÁ¡G¦º¤F¤£¦­»¡¡I,3
·F¯uªº¬O¬F©²±þ¤H,0
­ú,1
·PÄ±ºC©Ê¯f¤HÀ³¸Ó«Ü®£·W§a¡H,3
ªø´Áª×§É«Üµh­W,1
ÄÒ»¡¨¾¬Ì¦¨¥\ ½Ð¤Å¼W¥[ÄÒªº§xÂZ,3
³g¦Ã±þ¤H ¥Á¶iÄÒ,3
½²­^¤å¬FÁZ,3
³o»ò°·±dªº¤H  ³o¬F©²¯u¬O,0
ºñ¦@¦s¤S®`¦º°·±dªº¤H¤F,0
¶Â¼Æ¨ì©³¦³¦h¤Ö,0
ªø´Áª×§ÉÁÙ¯à»¡°·±dªº¤H  ¬Y¨Ç¤H­A´¼»Ù³á,0
¦pªG§Ú­Ìªº¤fªAÃÄ¨¬°÷»°ºòµ¹¥L­Ì ·|³y¦¨³o»ò¦h¦º¤`¶Ü§Ú­Ì°ê®a¦³§A­Ì³o¸s¤H·PÄ±¨S¤°»ò§Æ±æ,0
¨S¨}¤ßªº¤H¤~·|§Æ±æ¦Ñ¤H©ìµÛ¦~»´¤H¡A³Ì«á¦~»´¤H±Y¼ì¨ü¤£¤F§â¦Ñ¤H±þ¤F¡C,0
»¡¸Ñ²æ¨S¨}¤ß§A¥i¯u©¯ºÖ ªÖ©w¬J¨S·í¹L¯f±w¤]¨S·í¹L·ÓÅU¯f±wªº¤H,0
¦Û¤v¦³¯f°Õ µ´¹ï¤£¯à©Ç¯g»G±þ¤H,0
¯uªº¬O¤£ª¾¥Á¶¡¯e­W¡A¦Ó¥B¤@©w¬O­Ó¨­Åé°·±dªº¤H¡A¤£¾å±oªø´Áª×§Éªº¤H¤]«Üµh­W¡A¯¬ºÖ§A¯àÅéÅç¬Ý¬Ý ^^,3
¦@¦s¥J²{¦b¤S¶}©l©Ç¬F©²Åo,3
¬F©²±þ¤H¼Æ¥[¤@,0
³¯®É¤¤ÁÙ¨S¤W¥ô¥x¥_¥«ªø ¹ð³Ð¬FÁZ,0
¥»¨Ó´N®t¤£¦h¤F¸ÓªZªÍ§¾¨Æ ¥Õ·ö,0
·PÁÂÐÞ¦h¬¡¤F2¦~,0
»¡¤£©w¬OºØ¸Ñ²æ,3
¥s¥LÀ°§A§j,3
¥s¶À¦â°­«Î¨Ó¸Ë¹q¼ö¤ô¾¹,3
¦Û¥DÀ³ÅÜ,3
Æp¤ì¨ú¤õªü,3
¦¨¦~¤H¨S¿ìªk¦Û¥DÀ³ÅÜ¶Ü,3
¬F©²¡G§A­n·|¦Û¥DÀ³ÅÜ,3
¿NºÒ°Ú,3
¤£­n¤£Å¥ÄÒªº¸Ü,3
Åý¨e¸òªÀ°Ï¤j¥Õ»¡°Ú ¸òºÛ­Ì»¡·F¹À,3
¦Û¤v©ñ§¾¦AÂI¤õ,3
§â¥Ë´µ±í¥á¨ì¼Ó¤Uªü,3
¤j¾Ç¥Í³£·|¦Û¤v¸Ó­n·ÓÅU¦Û¤v¡A§AªB¤Í¤£·|,3
«Ë³o»ò¤j¤F ­n·|¦Û¥DÀ³ÅÜ°Ú,3
¥L­Ì®a¤H¦³¤j¾Ç¥Í¶Ü,3
¦Û¤v¦Q¤W¥h°Ú ¦A§âªÅ²~¦Q¤U¨Ó,3
©ñ§¾,4
±µ¹j¾Àªº,3
Æp¤ì¨ú¤õ,3
¥Ë´µ±í¥á¤U¥h ¥Ë´µ¦æ·|¥á¤@±í·sªº¤W¨Ó,3
¤j¾Ç¥Í¤F¤£·|¦Û¤v¸Ñ¨M,3
¤£·|¦h¦Y¦a¥Ê³á,0
³£´X·³¤F ¥sºµ¿ß°e¥Ë´µ¨ìªù¤f¤]­n§Ú±Ð¶Ü¡H,3
¥ÎÃ·¤l¦Q¥Ë´µ±íªü,3
¥s§J©Ô§JÀ°§A§j,3
¥áÆ_°Í¤U¥h ««³¨¥Ë´µ¤W¨Ó,3
¦¨¦~¤H¤F ¤°»ò³£¤£·|¦Û¤v¸Ñ¨M¶Ü,3
¦Û§UÀ³ÅÜ¥s¥~°e°Ú¡I,3
¬_©Ô§J¤£¬O±Ð§A­n®³Ã·¤l¦Q¶Ü¡H,3
§AªB¤Í·|³Q»¡¡Gªø³o»ò¤j¤F¤£·|¸Ñ¨M¡H,3
³£¥i¥H¥Î·Rµo¹q¤F¡A¥L¤£·|¥Î·Rµo¼ö¡H,3
³£´X·³¤F,3
Ã·¤l±qµ¡¤á±¼¶i¨Ó¤£·|¡H,3
¤W¦¸¤£¬O±Ð§A¥ÎÃ·¤l³¨¶Ü,3
¤£­n·Q¤£¶}ªü!!!!!!!!!!!!!!!!!!!!!!!!,3
¤£·|¿N¬´ªü ¼H¼H,3
³£¤j¾Ç²¦·~¤F ­n¦Û¤v·Q¿ìªk,3
¦Û¥DÀ³ÅÜ ¦b¨º¥s¤°»ò,3
¦QÃ·°Ú ¦Ñ®v¦³¦b»¡¤W½Ò¨S¦bÅ¥£¬,3
°sªÅ¤w¸g»¡·S ¦Û¥DÀ³ÅÜ ³s¤j¾Ç¥Í³£¥i¥H¶æ·S §A³o­Ó®×¨ÒÃ­³Q¶æ,3
Ãä¹wºâÓV§x ºâ¶W«e§a,3
·Ó¥L¥H«e¨º¨¾¬Ì ¿ð¦­Ãz µ²ªG¯uªºÃz©ñ±À,3
¬O°Ú¡A¦ý¤¤¥¡¦n¹³¦£µÛ«Å¶Ç¬FÁZ¨S¦³°µ·Ç,3
Ä¬°|ªø¡G¥xÆW¨¾¬Ì°µ±o«Ü¦n¡A¦b¨º¥s¤°»ò,3
¬Ý¤K¨ö·|¥H¬°¤j®a³£¬O¨¾¬Ì¤Ñ¤~,3
¥¿»G·|¸ò§A»¡ §Ú­ÌÁÙ·Ç³Æªº¤£°÷¦n¶Ü,3
¥L­Ì·Ç³Æ¦n©x­ûªº¤F°Ú¡A³Ñ¤Uªº¬O¥£Áõ¡Aok?,3
¦³¿ú¤H¨S®t ¦³¿ú¤@¤Á¦n»¡¤@¤Á¨ì¦ì ³o¤@ªi¨ü¼vÅTªº´N¬OµL¸£ªº¥­¥Á¸ò©³ºÝ½a°­ ¬F©²¤Ú¤£±o¥L­Ì³£¦º¥ú ¬Ù¨Æ,3
§A¦U¦ì¦Û¥DÀ³ÅÜ¦n¶Ü ¤j¾Ç³£©À§¹¤F,3
µL¸£¸ò­·¥J³Q¹Fº¸¤å,3
»¡­Ó¯º¸Ü ¶W«e³¡¸p,3
·Ç³Æ®Õ¥¿¦^Âk´N¦n°Õ ¤Ï¥¿ÄÒ¥H¥~³£§O¤H,3
ºñ¦@³£¹À¥u·Q¿ïÁ| ½â¥Á»Ýª«¸êºâ­Ó§¾,3
·Ç³Æ©ñ¥Í¤H¥Á°Ú,3
¬O¨S¿ù¡A¤£¹L¥Á²³­n¦Û¥DÀ³ÅÜ°Ú¡I,3
¤£´N¤°»ò³£¨S·Ç³Æ¥u·|©ÇªF©Ç¦è¥i¯àÁÙ¥H¬°¦Û¤v¬O¦b³¥ÄÒ¥u­n¥X¤@±i¼L½|¤H´N¦n,3
¤H¥Á·|´À§ÚÄÒ¨¾¬Ì¡AÀ°§Ú¨¾¥X¿ïÁ|¤j¦ì,3
¦³°Ú ¿ïÁ|·Ç³Æ¦n¤F,3
ÀË°Q¥¨À¦,3
¦~©³¿ïÁ|·Ç³Æ¦n¤F,3
§ë­L¥h·í¥~¬P¤H,3
¥Á²³­n¦Û°Ê¦Ûµo §O¦Ñ¬O¨Ì¿à¬F©²°Ú ¼H¼H,3
©U§£¶ðºñ¯ZªºÄF³N¤@¤@³Q´¦¬ï,3
¤£¿zÀË´N¤£·|½T¶E¡Aºñ¦@ ºb,3
¦L¶H¤¤¤T¤ë©³®ÉÄÁÁÙ¤£©Ó»{¦@¦s°Ú,3
³£µ¹§Ú­Ì¨â¦~¤FÁÙ¨S·Ç³Æ¦n¡A¯º¦º,8
½Ð¥¿¦W·s¥xÆW¼Ò¦¡¦n¶Ü¡H,3
«e´Xªi§ÖÃz¶}®É¤j®a§n¤f¸n§n¬Ì­]§nÂåÀø¶q¯à¡A§A´Nª¾¹D¨ì©³¬F©²¦³¨S¦³¿ìªk¥ý·Ç³Æ¦n¤F¡A¦­ª¾¹D´N¬O³o¼Ë¡AÁÙ¦³¤H¤Ñ¯u­n¦@¦s¡A¦@¦s¥i¥H°Ú¡A¤@¶}©l´N¬O·|¦³³o¼Ëªº¶Ã¶H¡A¤£¬O¥i¹w´Áªº¹À¡A¹L¤@°}¤l´N¦n¤F¡C,3
·s¥xÆW¼Ò¦¡ ¦¬ÀÄ¤F ·P¬V¤F Ãz¤F,3
¯f«æ¶Ã§ë¤úÂå ¦Û¥DÀ³ÅÜÅo,3
´N¤@°ï´¼»ÙÁ­½¸¾ã¤Ñ»¡¤H®a²M¹s¥J,3
¦@¦s¬O¥@¬ÉÁÍ¶Õ¡A¥u¦³¦@²£ÐÞ¦b²M¹s¡A§A¥s¤°»ò¡H,3
·Ç³Æ¦n¿ïÁ|°Õ «ç»ò¨S·Ç³Æ¡H,3
¤j®a³£ª¾¹D¡A´NÐÞ¤£ª¾¹DXD,3
¦³°÷¸Ø±i,
¦@¦s¥J¡G§ÚÁÙ¥H¬°¦º400 ¤Ó¤Ö¤F,3
Ã­ºG¤F¡A¦³¬F©²¦n¦w¤ß®@¡I,3
Á`ºâ¦¬ÀÄ¤F¡AÃ­¡AÃ­¦º,3
¦¬ÀÔ¤F ÄÒ¯u´Î,3
«ö·Ó¦º¤`²Î­p ³o³£¬O¤W©Pªº®×¨Ò,3
40«z,3
Ä¬­s©÷¤§«eÁÙ¦b¨ºÃä»¡¦º¤`²v,3
³ø¼Æ¦r,3
¥i±±°Õ,3
Ã­¬Û«H¬F©²¬Û«HÐÞ¡I,3
¦º ¯uªº¬O³Q®`¦ºªº,0
¦º¤`¼Æ®Õ¥¿¦^Âk,3
Ã­¤F 4%·W¤F,3
¬Ì±¡¦¬ÀÄ¡AÃ­°Õ,3
¦¬ÀÄ¤F¡A¶W±j,3
¤S¦º40¤H¡A¤d¤H±ÙÄÁ,3
¦~©³¿ïÁ|Ã­Ä¹,3
40­Ó­Þ»î,3
¦³°÷Ã­ ´X¥G³£¤@¼Ë,3
¥xÆW¨¾¬ÌÄê¦º¤F ¤U¥x¤U¥x ¬_¤W³¯¤U,3
¤S¶W¹L40¦º???,3
¶ðºñ¡G2300¸U¦º40­Ó¦Ó¤w ¨«¸ô¤]·|³Q¨®¼²¦º §A´N¤£¥Xªù¶Ü,3
¦º¤`¶}©l¦h¤F,3
¤JÀÔ¤F,3
¦º¤`²vÁÙ·|Ä~Äò¼W¥[§a ¤Ñ¦ö¥xÆW,3
Ã­¤F ¿ï¥«ªø,3
ºñ½Ã§L¡G¤p·P«_ ¤j®a½T¶E°_¨Ó,3
°®¡A³o¼Ë¦º¤`²vºâ§C¶Ü,3
Åv¶QÃÄ ¤@¯ë½â¥Á¦Y¤£¨ì°Õ ¦Û¤v¶R´¶®³¯k,3
©U§£¬F©²,0
°|ªø»°§Ö¥X¨ÓÁ¿§Ú­Ì¦º¤`²v¤Ó§C¨¾¬Ì¦¨¥\°Ú,3
¶q¯à·¥­­¤F,3
À´±o´NÀ´ ·F,0
817¸U Ä±«C­Ì¤p¤ß,3
¦n¡AÄ~Äò±Ð¥l¡A¦º¤£°÷¦h¦Ñ¤H,3
¤£¥i¯à³o­Ó¼Æ¦r©Ô©ñ¤ß¡A¨S¦³°ê®a¤»¸U¤§«á¥d¦íªº¡A³£¬O­¿¼Æ,3
ÁÙ¨S®Õ¥¿¦^Âk,3
¦A¦º40¥xÆW¤H,3
ÁÙ¨C¤Ñ¦º¦h¤Ö¤H®t³o40¤H¡H§A®a¤H¨ä¤¤¤@¦ì§A¦A¨ÓÁ¿³o§¾¸Ü,0
ÀËÅç¶q¯à´N³o¼Ë ·íµM¼W¥[ºCªü À´?,3
¦º¤`ÆZÃ­ªº ¶}¤ß,3
³¯®É¤¤±ß¤WºÎ±o¦n¶Ü,3
©U§£¶ðºñ¯Z,0
¤UÂ§«ô¥i¯à´N¤T¦ì¼Æ¤F,3
"¹ï©¤¥i±±¤@¤Ñ30,«¥­Ì¤@¤Ñ40¥i±±",3
¼y¯¬520 ¨C¤Ñ­nÄm²½,3
³¯®ÉÄÁ¤µ¤Ñ¤S±þ¤F40¤H,3
§Ú¬O°sªÅ §Ú¬O®É¤¤,3
­D©P·ì·Qª§²Ä¤G¡H©U§£®ç¶é¦³¥»¿ú²Ä¤G¶Ü¡H,3
©U§£¶ðºñ¯ZÄ~Äò¬~§A¥»¨Ó´N¦³¯f¦­ÂI¸Ñ²æ¡C,3
ÁÙ¦n ¨C¤Ñ©T©w40¤H,3
¥¼¨Ó¨C¤Ñªº¦º¤`¤H¼ÆÀ³¸ÓÁÙ·|¦Aª¦¤É ­ü,3
20¦h·³¦º¤F ºG,1
¦³ÐÞ ­ø©È¡I,3
Ã­Ã­Ã­ Ã­¨ì¤@­Ó¤£¦æ,3
¤Ö¤l¤Æ¿ì¤½«Ç ÀqÀq¯Ñ¯Ð,3
·íªìÃÄ35¸U¤À¤@°ï¤H»¡¡A°÷¤F¡A­«¯g²v¤~¦h¤Ö¡A¯uªºÄ±±o«Ü·Q¯º¡A¨º­ÓÃÄ¬O»´¯gªº®É­Ô¦Y....¡A°ê¥~­«¯g²v¥i¯à¬O¦]¬°»´¯g³£¦³¦YÃÄ¤~À£¤U¨Óªº¡A¬O¤£¬O«Ü¦h¤H¥H¬°¬O­«¯g¦Yªº,3
­ü ¤Ñ¦ö¥xÆW§a......,5
Á¿§Ú­Ì¥Á¶iÄÒ°µ¤£¦n´N¬O¶Ã¥x §A¦U¦ì¶Ã¥x¥J,3
¥Á¶iÄÒ±þ¤HÄÒ,2
¥X±i¼L´N¦n,8
¦pªG¯u¬Ý¨ìÂåÀø±Y¼ì ´N¯uÅý¤j®a¬Ý¬Ý¬O¤£¬O¼L¤¤ªº¤p·P«_¤F ¥xÆW¶ZÂ÷¬Ì±¡°ª®p¤]¨S´X­Ó¬P´Á¤F ­ü,3
"¬_«J¤@°_Á¿ªº,°¶¤jªºÄÒµ´¹ï¥ý¤ÏµÛ°µ",3
¨C¦¸³£¬O©Ô¤£¤UÁy ¥ý§â¬_½|¤@¹yµ¥¨ì¤£¦æ¤F ¦A§Û¬_ªº§@ªk­þ¦¸¤£¬O³o¼Ë,3
¦A§Ô¤@¤U°Õ ­þ¦¸¤£¬O¹L´X¤Ñ´N§Û¤F,3
²Ê¼Éªº¨¥½×¤j¥i¤£¥²,3
¬°¤F¬FªvÄë¬¹§O¤H¥Í©R·|¦³³øÀ³,3
Á¿ÃøÅ¥ÂI ³o³õ¥M®Ú¥»ÁÙ¨S¶}©l...¤~­è¶}©l­n¥i©È...·í¥xÆW­«¯g¯f©Ð³£¶ëº¡¤j®a¤~·|¬Ý¨ì³o­Ó¯f ¨ì©³·|¦³Ô£¼vÅT,3
±µ¤U¨Ó´N¬O´«­Ó¦W¦r ·Ó§Û,3
¥ý´«¦W¦r¦A¨Ó§Û,3
¨º¨ÇÃÄ¤£¬Oµ¹­´µæ¦Yªº ­´µæ¨Ä¨Ä³Ü¤ô,3
©U§£,4
²Ê¼Éªº¨¥½×,3
±ß¤F´N¤£­n¤F,3
¥ý½|¦A§Û¡A²Ä´X¦¸¤F,3
¦Ñ¼Ë¤l¦Ó¤w ­þ¦¸¤£¬O¥ý½| µM«á§Û§@·~,3
¶ðºñ¯Z¤w¸g³Q¬_¥´Áy¥´¨ìÄê±¼ÁÙ¦b¼µ,3
ÃÄ¶R¤Ó¤Ö¡A®Ú¥»¤£°÷,3
®ÉÄÁ¨S¦³ºt ¥L¬O¦b°µ¦Û¤v ¯à¤O´N³o»ò°ª,3
­n§Û§O¤Hµª®×´N»°§Ö§Û¡Aµ¥¤@¤U¦º§ó¦h¤H³£ºâ³¯®É¤¤ªº¨­¤W,3
­n§Û§@·~¤F¨S°Õ¼L¬¶¥J,3
³o2¦~³£¬O¥ý½|¦A§Û,3
µ¥°¼Ál¬F½×¸`¥Ø½|²n ±a§¹¬_¤£¹ïªº­·¦V«á ¦A¸òµÛ°µ ¦A±a¤@¦¸³¯®É¤¤¦n´Î´Î¤S°µ¤F¤°»òªº­·¦V ¤@ª½¥H¨Ó¤£³£¬O³o¼Ë¶Ü,3
¥Á¶iÐÞ¤@ª½¥H¨Ó³£¬OÃä½|Ãä§Û §Ñ¤F¶Ü¡H,3
°½¬Ýµª®×«á­n°²¸Ë«ä¦Ò¤@¤U¦A¼g°Ú,3
³£§Ñ°O½²­^¤å§Û°¨­^¤E §Û«Ü¤j¤F¶Ü¡H,3
¯ó¥]¤úÂå¡A´Á«ÝÔ£,3
´N«ÜÂ²³æ ¤£¬Oºñªº´£¥X·N¨£³£­n¥ý§_©w ¦ý­«ÂI¨Ó¤F Ãø¹Dºñªº¸Ì­±³£¨S·Q¹L³o­Ó°ÝÃD¶Ü¡H ¤@©w§O¤H¥ý»¡¥X¨Ó µM«á¦b³Ð³y·s¦Wµü¦A»¡¦Û¤v·Qªº «ÜµL¨¥,3
´N«ü´§©x¼o¡A·Q§Û¤S¤£´±§Û¡A®³©R¨Ó½ä,3
¥L¦bµ¥¤H®a±·¥L «ý¥L°Õ,0
¥L©Ô¤£¤UÁy¡A¹çÄ@Åý¤H¥Á¥Õ¦º,0
±À,3
¨S¯à¤O¤S©Ô¤£¤UÁy ©U§£,0
¨S¯à¤O¤S©Ô¤£¤UÁy ©U§£,0
®Ó¤£µ¹ªº §A¤£¯à®³¡I,3
¦ÑÁy©Ô¤£¤U¨Ó,0
¨C¤Ñ¥´Áy¤£²Ö¶Ü¡H,3
¦b¨º¥s¤°»ò.jpg,3
ÃÄ¤£°÷§a¨þ¨þ,8
¦]¬°ÃÄ¤£°÷¡Aµ¹¤F´N¼ÉÅS³o­Ó°ÝÃD¤F,3
­nÃÄ¡A°Ôªº¤@Án¡A¨SÅo¡I by clock,3
ÃÄ«Ü¬Ã¶Q­n¯dµ¹Åv¶Q¦Y ­´µæ¦b¨º¨v·Q¤°»ò ¦Û¥Í¦Û·À¥h°Õ,3
¦P·N´NÅý§A­Ìª¾¹D®Ú¥»¨SÃÄ¤F¡A·F¹À¦P·N¡A,3
­±¤l³Ì­«­n,8
¤£­n¤Ó¤£º¡ ¥Á²³¥ý¥hÂå°|¥~±Æ­Ó¨â¤p®É,3
¨S°ª¯ÅÄÒÃÒ ¨Ä¨Ä±Æ¶¤ ¨S¿ù°Ú,3
ºñ¯à°Ú,3
½èºÃ¥Á¶iÄÒ¡A´N¤£©È³Q´CÅé¸òºô­x§ðÀ»¶Ü¡H,3
´N»¡¬Oºñ¦â³q¹D §A­Ì³o¸s½â¥Á¨Ä¨Äµ¥,3
Ãø¹D­n¹³­´µæÀ¦¨à¦b¥~­±µ¥¦º¶Ü¡H,0
ºñ¦â´N¬O¨S¦³­­¨îªº·N«ä,3
¦@²£ÄÒ°õ¬F¡A¦³Ãö«Y´N¨SÃö«Y,3
¥Á²³ÁÙ¦b¥~­±²O«B±Æ¶¤,3
¬Fªv¤Hª«´N¬O¨ÉÀu¥ýÂ§¹J,8
ºñ¦â³q¹D¸ò½â¥Á¶ë¨ì,8
½â¥Á´N¬O¦b®ÇÃäµ¥¡A¥ýµ¹ºñ¦â¬F©²©x­û°µ,8
ºñ³£¥i¥H¥~°eÂåÅ@¨ì®a¤F¡A³oÁÙ¦n°Õ,8
ºñ¯à§A¤£¯à,8
¥Á¶iÄÒ³o¦¸¬Ì±¡±þªº¤H¡A¬O¤£¬O¤]­n§Ë­Ó¬ö©À¤é¡AµM«á³Q«á¥N³sÄò´£´Ú¤@¦Ê¦~,8
°ª©x³£¥i¥H´¡¶¤ »¨²n³á,8
³oºØ´N¬O¤í§ì,3
¥xÆW½â¥Á VS. ºñ¦@¤ÑÀs ªº®t§O,3
ºñ¯à§A¤£¯à,3
³oÁÙ¦n°Õ¡A´N¯SÅv¡A²ßºD¤F,3
ºñ¯à,3
ºñ¯à,3
¦b¨º¥s¤°»ò,0
¦³¤°»òºÃ°Ý¶Ü¡HÄÒªº©R¥»¨Ó´N¤ñ¸û´L¶Q°Ú¡H§A­Ì³o¨Ç¥­¥Á¦Ê©m²Ä¤@¤Ñª¾¹D³o¥ó¨Æ±¡¶Ü¡H,3
¦n°Õ¡A§Ú­Ì¨Ó§Ë¤@­Ó¬Ì±¡¨ü®`ªÌ¬ö©À¤é¦n¤F¡AÅý«á¥N¹ï¥Á¶iÄÒ³sÄò´£´Ú¤@¦Ê¦~,3
¬Ý¨ìºñ¿O¤£´N¬O¤@¸ô¶}¤U¥h¡H,3
ºñ¦â³q¹D¬OVIP¡A¨S¥Î¨ì¤@¯ë³q¹D¤£ºâ´¡¶¤,3
ºñ¦âªº¤£·N¥~ ­þ¤Ñ¤£¬Oºñ¦âªº¦³¯SÅv¤~,3
ºñ¯à¡A¨ä¥L¤H¤£¯à,3
¤£­n¡u¶Ã¡v³á¡A·|³Q»¡¨S·s¥xÆW»ù­È,3
¤£µM§A¯à«ç»ò¼Ë¡H,3
ºñ¯à§A¤£¯à,3
ºñ¯à§A¤£¯à,3
ÄÒ¬F¤H¤h³o»ò°ª¶Q ¸ò§A­Ì½â¥Á¥i¤£¤@¼Ë,8
ÐÞÃÒ³q¹D,3
³£»¡ºñ§£³q¹D¤F §Ú¬Ý§A¬O¤£À´³á,3
¨þ¨þ,2
´N°Ý¤@¥y¡A§A¦³ÄÒÃÒ¶Ü,3
ºñ¯à§A¤£¯à ½â¥Á¤U¥h±Æ¶¤,3
ºñ¯à¤O´N¬O§Aªº¶W¯à¤O,3
817´N·R³o¼Ëªü §Ú²¼¦h ©È§A®@_,3
ºñ¯à§A¤£¯à,3
ºñ¯à§A¤£¯à,3
ÀÝ¥Î¯SÅvªº©U§£¡Aµ´¹ï­nÅý¥L¸¨¿ï,3
³o¥¢´¼¦C¨®¡A¤£­n¶Ã¤W¨®,3
¥Á¶iÄÒ´N­A¯SÅv°Ú~¤£²n¤£­n§ë¥Á¶iÄÒ,3
¤JÄÒ¯u¨ì¦n³B¦h¦h,3
ºñ¯à§A¤£¯à,3
¯à©Ç±À¼sºñ¯à¡A²Ó¸`´N¦b¦W¦r¤W,3
½â¥Á¥ªÃä±Æ¶¤³áÁÂÁÂ,3
¥h¦~¬Ì­]±µºØ´Nºtµ¹§A¬Ý¤F¡A·N¥~¶Ü¡H¬Ý¤£ºD¥i¥H¥Î¿ï²¼±Ð°V,3
­ì¨Óºñ¦â³q¹D¬O³o­Ó·N«ä,3
¿ï¥Á³£Ä@·N¤F¡A¨ä¥L¤H³¬¼L,3
ºñ¯à,3
¯uªº¬O¡uºñ¦â¡v³q¹D©O,3
ºñ¯à,3
¥þ³£¦º¤@¦º,4
¯u¬O´Î°Ú¡A§Ú¤]·Q¤JÄÒ,3
ºñ¯à§A¤£¯à,3
®Ú¥»¹H¾Ë¡A¾Ëªk³W©w©v±Ú©v±ÐÄÒ¬£¤@«ß¥­µ¥,3
³¯®É¤¤ºu¤U¥x ¥xÆW¤H¤~¦³±Ï,0
ºñ¦â¥­±`´N­°¡A¤£¬O¯SÅv,3
¥Á¶iÄÒ­A¯SÅv,3
³o¬O·s»D¶Ü?ºñªº´N¬OÎx§r,3
ºñ¯à,3
¤H®a´N¬Oºñ°Ú ¤£µM§A«r¥L°Ú,3
äú¤ß µL¤U­­,0
ºñ¦â³q¹Dªü¼H¼H,3
·í©x´N¬O¬°¤F©M¤@¯ë¦Ñ¦Ê©m¤£¦P¡A½Ö¸ò§AºCºCµ¥©M±Æ¶¤¶RÂåÀøª«¸ê¡H¥i¯à°Õ¡A§Ú¬O»¡¥i¯à¡A¿úÁÙ¤£¥Î¦Û¤v¥X©O¡C,3
ºñ¦â³q¹D°Ú ¯º¦º,8
¯u¥¿ªººñ¦â³q¹D,3
½Ö¥s§A¤£¥[¤J¥Á¶iÄÒ·í°ª©x,3
ÄÒ¤HÀu¥ý,3
¦³ÐÞÃÒ³Ì¦w¤ß,3
µL¼Ä¶ðºñ¯ZÄÒÃÒ¡AµL©¹¤£§Q,3
ºñ¯à,3
µ¹ÂI¯SÅv°Ú¡A¥ß©e½Þ¤½©O,3
ºñ¦â³q¹D¼h¥X¤£½a¡A³ßÅw´N§Ö¥[¤JÄÒ,3
½Ö¥s§A¤£¬Oºñªº¡A¦b¨º¥s¤°»ò¥s,0
¤H®a¬Oºñ¦âÅv¶Q ½â¥Á§n¤°»ò,0
ºñ¯à§A¤£¯à,3
¥Á¶iÄÒ¥ý¿z¬O¹ïªº¡A¤H¥Á¯uÄø¥u·|¶Ã§p,3
´N¬Oºñ¦â³q¹D«§,3
¹ç¥i§ë°ê¥ÁÄÒ¡A¤£´±¦A§ë¥Á¶iÄÒ¤F,0
ºñ¯à,3
ºñ§£³q¹D,4
»°§Ö¸ò³o±À ºñ¯à§A¤£¯à,3
¥Á¶iÄÒ©ñ±À¬Ì±¡µM«á·mÃz¦UºØÂåÀø¸ê·½¡AµL®¢,3
¤£­n¤Ó¤£º¡,3
ºñ¯à§A¤£¯à,3
¥Á°hÄÒ¯uªº¬O«ÜÁV¿| ºÆ¨g¦a¶Ã·d °ê¥ÁÄÒ¦n¦h¤F,3
ºñ¦âÀG¹D,3
µÒ¯»¤SÅÜ°×¤ÚÅo,3
ºñ¦â484©È¦ºªºÃC¦â ³£«Ü«æ­C,3
ºñ¦â¬OÁ«¤ß¨Æ°µ¤Ó¦hªºÃC¦â¿°,3
ºñ¯à§A¤£¯à,3
¯SÅv¥ß©e³£À³¸Ó¥þ³¡ºu¥X¥ß°|,0
äú¤ßºñ¯à,4
¤£¦b¥G¤H¥Á¦º¬¡ ¥u¦b¥G«ç»òµo°],8
¤§«eÁÙ¨SÃzµo«e pcr³Ì§Ö¤]­n¤@¤Ñ¤~¯à®³¨ì¯à¦­¤W°e¤U¤È®³¨ìµ´¹ï¬O®×«æ´¡³æ³B²z ¯uªº¬O¥i´d§è¤°»ò°ª¶¯¨S¤H±Æ³oÅ@¯è¯uªºÃø¬Ý,3
¶ðºñ´³Äé¿é³oºØ¦@²£«ä·Q¯uªº«Ü­n¤£±o¡A¬F©²¬O¨ÓªA°È¤H¥Áªº,3
¯SÅv´N¯SÅv¡A¦h¤Ö¤H³£¥XÃö¤F¨¾¬Ì¥]ÁÙ®³¤£¨ì,3
Âù¼ÐÄêÄÒºñ¯à§A¤£¯à,3
ºñ¦â³q¹D,3
¤H¥Á¦º¬¡·íµM¨S¦³µo°]­«­n,3
²¦³º¬O¦º©¾ªº¡A¦U¦ì­nÁ`­n¾Ç·|¦Û¥ß¦Û±jªü¡I¡I,8
¶V¬Ý¶VÅý¤H¹½´cªºÐÞ,0
§J©Ô§J§¾²´§Ö³t³q¹D°Õ,3
ºñ¯à§A¤£¯à,3
ºñ¯à§A¤£¯à,3
·í©x´N¬O¦³Åv°Ú¡A´x´¤¸ê·½¤À°t¡A½Ö¸ò§A¶Ô¬F·R¥Á¨º®M¡A¯º¦º,8
ÄÒªº¤H´N¥i¥H¡A§A½â¥Á¨ì©³§n¤T¤p,0
ºñ¦â³q¹D¥uµ¹ºñ¦â¥Î¨S¿ù°Ú,3
¦@²£ÄÒ§A´±¼L¡H,8
¥H«e¬O°¶¤jªº¥xÆW¤H¥Á ²{¦b¬O°¶¤jªººñ¦@ÄÒ­û,3
ÄÒ¬Ì³q¹D ½ÐÁ­½¸¼Q§Z¬~¦a¤O¨ì¥[¤j,3
ºñ¯à §A ¤£ ¯à,3
äú¤ß¶ðºñ¯Z¬F©²±Àªººñ¯à¨¾¬Ì°Ú,8
¶W¥¨À¦¬FÄÒ¥Á¶iÄÒ ¤£­nÁy¨ì·¥ÂI,8
³o¨Ç³£¬O§Ü¤¤«O¥x¥D·F ­þ¯à¸ò¦Ê©m¬Û¤ñ,3
¸Ü»¡¨º¬Ý°_¨Ó¬O¬Ý³½ ¤£¬O¬Ý³¾ÕÙ,3
¤§«e³yÁÁªº¤H§ó¬OµLÃÄ¥i±Ï¡I,3
³o¬O³½,3
²Î¯»³o¼Ë¤]¯à§j ¦n¯«©_,8
§Ú´N»¡¥L¬O·x¨k,5
¯uªº·x ¦ý¸õ°w§Ú¯uªºÄ±±o¤£¦æ §A±q®ç¶é·s¦Ë,5
¤£À´¤°»ò¥sÀ°¦£±À¨à¤l,0
ªü¿}§A¬O¤£¬O¸ò§O¤HÆF»î¤¬´«¤F,3
¯à°÷°ù¨ì¦n¤Ó¤Ó´N¬OºÖ,2
¦n¨k¤H¹Å¯è,5
§Æ±æ§A¯à¹J¨ì§ó¦nªºËç,5
¦Ò¥j¾Ç®a,3
¤ÏÆ[¤B¯S,3
¥h003ÀW¹D¬Ý´Nª¾¹D²Î¯«¨p¤U®Ú¥»¨È¬w·O¤÷,5
¦¨¼ô¨k¤Hªº¶i¦æ¦¡,5
¨ä¥Lªº§Ú¤£½Í ¦ýÀ°¦£±À¨à¤l¡H¡H¡H¡H ³o¬O¥Lªº¤p«Ä ¥LÀ³¸Ó°µªº ¦ó¨ÓÀ°¦£¤@»¡¡H,0
ÁÂÁÂ§A §Ú²{¦b¬O²Î¯»¤F,2
¤T­Ó³£¤£«ç»ò¼Ë ¥u¯à»¡¤T¨¤¶ºÄ{³o¶ô7-11ÁÙ¬O¤ñ¥þ®a¦n¦Y,3
«e´X¤Ñ¦Y¤F¤@ÁûÃÉ»Iªº °¾Ãø¦Y ¡]Á«§Ú¹ï³oÁû´Á«Ý³Ì°ª¡^ ¤ß¤¤±Æ¦æ¡GÂC³½>½Þ¦×>ÃÉ»I,0
¦Y¤@¦¸¡A´N¤£·|·Q¦A¦Y²Ä¤G¦¸¡C,7
¤^¤¢¶W¤H¦³¥h¨µÅÞ¹L§a ¤£­n»~·|§Ú¤]¬O¤^¤¢¶W¤H ¹ï¤F§Ú±ÀÂË7-11ªº³·ÃÉ ÁÙÆZ¦³¨ý¹Dªº,3
¨p¤ß±À¥þ®a¦Û¤vªºÂD³½ÂD³½§Z¶ºÄ{¡A¨C¦¸³£­n¥Î·mªº¡C,3
§ÚÄ±±oªwµæÂC³½¶W¯Å¦n¦Y,5
§Ú¶W·RªwµæÂC³½ªº,5
º¡³ßÅwªwµæÂC³½ªº ¦³¬Ý¨ì¤S·Q·f59ªº¶¼®Æ¤~·|¶R,5
ªwµæÂC³½¦n¦Y¡I«Ü¤¤§Úªº­G¤f,5
ÃÉ»I¶WÄê,0
³·ÃÉÃÉ»I §Ú²{¦bÁÙ¬O·|¤@ª½¦^ÁÊ,5
ÃÉ»IÆg,5
ÃÉ»I²Ä¤@,5
½Þ¦×ªº¦n¦Y,5
ÃÉ»I¶WÃø¦Yªº ªwµæÂC³½ÁÙ¥i¥H,0
»¶ª£½Þ¦×«Ü¦n¦YÕÙ¡I§Ú«Ü±`·í¤ÈÀ\ ¦ý¨ä¥L¯uªº«Ü´¶³q,5
§Ú³Ì·R»¶ª£½Þ¦×ÕÙ¡I>³·ÃÉ>ªwµæÂC³½,5
«z¯uªº°²ªº ¦nÃø¬Û«H ¦Ó¥BÁÙ¦n¦~»´®@ ¯uªº¥i±¤¤F °s¾r¯uªººC¨«¤£°e,0
¯uªº¤£À´¡A¦³¨º»ò¦h«e¨®¤§Å²ÿ¤£ºÞ¨k¤k³£¬O¡A¤]¤£¯Ê¥s­Ó¥N¾rªº¿ú§a¡C,3
­ì¥»¶W³ßÅw¦o¡K¡K,0
¤Ñ°Ú ¦o¬O§Ú¤Tª÷¸Ì³Ì³ßÅwªº ¦n¥i±¤,1
·Q·íªì§Ú°ê¤¤ªº®É­Ô ªB¤Í°lµL­­ ³Q¦o­Ì©ÔµÛ¬Ýª÷ÁÉºú©M«nÀu¹bºtªº·R¦b°ª¤¤ ¦nÃh©À°Ú,1
µð¡H¡H¡H,3
¤@ª½«Ü³ßÅw¦o ¨C³¡¹q¼v¸ò¼@³£¦³¬Ý ¦ý¬O¦pªG¯uªº°s¾r ¨º´N¦A¨£¤£°e,0
¨ì©³¦b·Q¤°»ò¡I¡I¡I «ç»ò·|¥h°s¾r,0
ÁöµM¥»¨Ó´N«Ü¤£³ßÅw¦o¡A¦ý¬JµM¬O¯A¶û¡BÁÙ¦b½Õ¬d¤¤¡A¤£¬O´N¥NªíÁÙ¨S½T»{¶Ü¡H,3
¤£´±¬Û«H...,1
ÕÙ¤£¬O¡AÁÙ¦b½Õ¬d¤¤«ç»ò¤@°ï¤H¤w¸g½T©w¦³¤F¡A¥ýµ¥½Õ¬dµ²ªG¥X¨Ó§a¡I,3
¤w¸g¬O¤Tª÷¸Ì­±²Vªº³ÌºGªº¤F ÁÙ¦p¦¹¸®°e¦Û¤vªº«eµ{ÿ,3
¦n¾_Åå..,1
¦oIG¤]¶}©l³Q¯d¨¥¨Æ¥ó¬ÛÃöªº¤å¦r¤F,3
GOLDMEDALIST³Ìªñªººt­û«ç»ò³£¤@ª½¥X¨Æ......,1
ÃÀ¤H¤£¬O³£¦³¸g¬ö¤H¶Ü ¤£¬O«ÜÀ´¬°¤°»òÁÙ­n°s¾rÕÙ ¤£µM§ä¥N¾r°Ú §ÚÄ±±o°s¾r³Q§ì¨ìªº¤H Á¿¯uªºÀ³¸Ó³£¦³¦n´X¦¸°s¾rªº¸gÅç¥u¬O³£¨S¥X¨Æ¦Ó¤w¡K¡K,3
¤kªº¥u¯à¤Þ°h¤F,3
¼²¦¨³o¼Ë¤]¤Ó¸Ø±i ªü¤£´NÁÙ¦n¨S¼²¨ì¤H,0
¼²¨ì¤H¨Æ±¡´N¯uªº¤j±ø¤F,3
°s¾r¯uªº¥i´c ¨S¿ìªk­ì½Ì ¨S¦³·Q¹L«áªG¬O¤°»ò ³oºØ¤H°h¥XºtÃÀ°é­è¦n¦Ó¤w,0
°s¾r¯uªººu,0
²Î¯»¯uªºäú¤ß¡A¤@ª½¬~,0
¨º§Æ±æ§A¦b­±¹ï¥Í¬¡À£¤O ¸gÀÙÀ£¤O ¨C¤Ñ³£­n§V¤O§JªA·ÐÄ¼¼~¼{ªº¤ß±¡ ¹ï®a¤H¥H¤Î¥t¤@¥b«O«ù¥¿­±¥B¶§¥úªº°ò¥»¯º®e ¸t¤H,5
¦¨¼ô¨k¤Hªº¥Ã»·¶i¦æ¦¡,5
À°¦£±À¨à¤l¡H ¨à¤l¬O¨â­Ó¤Hªº³d¥ô ¬°¤°»ò¥sÀ°¦£,0
ªü¿}´N¬O³o»ò²¢»e¤~¦³¿}§¿¯f,8
¦ò¤ß¦Ñª¨ ¦ò¤ß¦Ñª¨,5
Ãå»½¤£­×Ãä´TªÎ¦v¬°¤°»ò¨º»ò¦h¤H±·,8
²Ä¤@¦¸¬Ý¨ì¦³¤H¬OªF¤Ú¯»,8
§A­n½T©w¤£¬O003®³Äá¼v¾÷ÕÙ,3
ªü©Ò¥H³o¼Ë´N¥i¥H¥s¨à¤l¦b¹êªp¤W¸òÆ[²³°Q¿ú³á ¾ã¤Ñ¦b¨º¼Ë¨È¬w·O¤÷ ³o¤£´N¥¿±`¦æ¬°¶Ü,3
¹êªp¿à¥Ö½Þ¡A²{¹ê·x·x½Þ,5
ªü¯èªº¥t¤@­±,5
©Ò¥H³o­þ¸Ì¨p¤U ..,3
¹êªp§Î¶H¸ò¨p©³¤U¤£¦P°Õ,3
§Ñ°O¤£ª¾¹D­þ­Ó¹êªp¥DÁ¿ªº¡A»¡²Î¯«¨p©³¤U¤H«Ü«È®ð,5
¸ò­Dªê°µµ½¨Æ¤@¼Ë¡A¥»¨Ó¶Âªº¤H°µ¥ó¥¿±`¨Æ´N³Q±·¤W¤Ñ¤F¡A¥i¼¦,8
¤O¶q¤Hª±ÀnÀnÕÙ ¯u¥i·R,5
¥»¨Ó´NÄ±±o¿}§¿¤H¨p¤U¤H«Ü¦n ÃèÀY«eµoºÆ¯uªº´N°µ°µ®ÄªG ²¦³º¥L±`±`µoºÆ§¹°½¯º,5
¥L¨p©³¤U¯uªº«Ü¥¿±`°Ú ¥L¦³»¡¹L¬O¬°¤F®ÄªG ¤§«e¥L¦³¨Ó§Ú­Ì¾Ç®Õ«¢«¢,5
¥L²{¹ê¤£ºÞ«ç¼Ë §Ú³£¬O±q¹êªp»{ÃÑ¥Lªº ©Ò¥HºÞ¥L¬O¤£¬OºtÀ¸ ¥L¥u­nÁÙ¬O¨º­Ó¤H³] §Ú´N°Q¹½¥L,7
¤O¶q¤H §Úªº¶W¤H,5
¤@¤M±þ¶i¥h,3
¤§«e¥hªü¦à¦b¤¤©Mªº¤u§@«Ç±Æ¶¤¶R©PÃä¥[©ç¦X·Ó¡A¨º¤Ñ§Ú°O±o¤U¤p«B¡Aªü¦àÁÙ¦Û¤v¥X¨Ó¥~­±°e³Êµ¹¨S±a³Êªº¯»µ·¡A¯uªº¶W¯Å·x,5
¨ä¹ê§ÚÄ±±oÁÙ¤£¿ùÕÙ ¹êªp¤W³­¨à¤lª±°²¤é¤]Ä@·Nªá®É¶¡¦b«Ä¤l¨­¤W ¥u¬O¦³®É­Ô¹êªp¯uªº¤Ó¸õ°w§Ú¬Ý¤£¤U¥h,5
À°¦£±À¨à¤l¡H¡u À°¦£ ¡v¡H,8
¦n¦n¯º ³Ìªñ¤~¶}©l¬Ý¿}¨§¤H ¶W¯Å¥i·Rªº°Õ ¯»µ·¦³±ÀÂË¤@©w­n¬Ý_¶Ü!!!,0
¦n¤F°Õ¯S­ô´È¤l­ô,8
­ú¤F ¯uªº¬O§Ú°¸¹³,5
©Ò¥H¾ã¤ÑÅ@¯è»¡¹êªp³£¬O®ÄªG¨p©³¤U¬O¦nª¨ª¨ªº¤H¡A¬O©Ó»{»¡¥L¦b¹êªp¤W±Ð¨|¥¢±Ñ¶Ü¡H,8
¨þ¨þ,2
ÁÙ¦n§a¡A°¸º¸¬Ý¥Lªº¼v¤ù·|Ä±±o¥L¬O¯uªº¯k¤p«Ä¡A¦Ó¥B·PÄ±¨p©³¤U¤HÀ³¸Ó¤]º¡¦n¬Û³Bªº,5
§Aªº¤ßºA¶W°·±d ¦pªG§Úµo²{¨k¤Í¯d¤@°ï«e¤k¤Í¦X·Ó §Ú¤@©w§â¨k¤Í¸ò«e¤k¤Í³£±þ¤F,5
§Ú¤]¬OÕÙ¡IÁöµM§Ú·|¦Y¾L¡A¦ý¤@¼Ë·|´L­«¥L¡I,5
§ÚÄ±±o³£¬O¦^¾Ð©M¨k¤Í¤H¥Íªº¤@³¡¤À°Õ_¨S¥²­n§ã±þ¥L­Ì,5
§Ú¤]³ßÅw§A,2
§¹¥þµLªk®e§Ô«e¤k¤Í³o­Ó¥Íª«,0
¦P¬°¤k¥Í Ä±±o§A¤]«D±`«Ó®ð¡I,5
§Aªº¤ßºA¶W°·±d¤S«Ü´L­«¡I¡I,5
§ÚÄ±±o²{¥ô¨S³o»ò°¶¤j°Õ ¾Ì¤°»ò­n¥s¤H©Ù¥h¥L¨º¹L¥hªº¦^¾Ð°Ú¹Ã¹Ã¹Ã,5
·í¾÷¶i¨ì«e¤k¤Íª©­±¬O¤°»ò©_¸´¬G¨Æ,3
«Ü´Îªº¤k«Ä,5
«e¤k¤Íªº¾L¤£¥Î¦Y°Õ ®Ú¥»¤£°t¦Y,0
§Ú¤]¬O¡AÄ±±o¹ï¤è¬Oº}«GÀu¨qªº¤H,2
¥L«e¤k¤Í³o»ò¦nªº¸Ü §A¨k¤Í«ç»ò¸ò¥L¤À¤âªº¡H,3
Å¥§A¦b°äÄê¡Aµ´¹ï¤£­n¬Û«H¤k¤H»¡¨SÃö«Y¡A¤Ï¸Ü³£Å¥¤£¥X¨Ó§O¥æ¤k¤Í¡C¤£¤p¤ßÂI¨ìªº¡H¨þ¨þ,0
§¹¥þµLªk®e§Ô«e¤k¤Í³o¥Íª«,0
§ÚÄ±±o©p³o¼Ë«Ü¥i¥H,5
µLªk®e§Ô,0
¥Í®ð,0
Ãø¹L,1
¶}¤ß,2
µL·N¸q,3
°d½|,4
¹ªÀy,5
ÃÙ¦P,6
¦P·N,6
¤£ÃÙ¦P,7
¤£¦P·N,7
¶S§í,8
¤Ï¿Ø,8
®`©È,9
§Ú¬O§â«e¤k¤Í³£±þ¤F°Õ,0
Ä±±o§A¦n¥i·R­ò¡A¦ý§Aªº¨kªB¤Í¤@©w¤]³ßÅw¯S§Oªº©p¡AÁÙ¦³°µ§A¯u¥¿¦Û¤vªº©p,5
©p¤]«Ü­È±o³QªY½à,5
§Ú¤]«ÜªY½à§A³oºØ¤k¥Í¡I,5
«e¥ô³£¥h¦º,0
§Aªº¤ßºA¶W´Î,5