好像有點醜欸,8
我笑到肚子痛,2
優秀,5
這哪招,8
夢一場,1
好喔,8
看不懂,8
在幹嘛,8
那就是人的問題囉,8
投資詐騙廣告,8
聽起來怎麼像詐騙,8
麻煩錢來口袋,2
我信你個鬼,4
又割了一波韭菜,8
應該要一波衝吧,5
好難,6
7777777,5
不有趣,8
當沒看到,4
心態炸列,8
眼睛不行了,8
相信,6
 今天非常開心,2
確實,6
不行,7
可以,6
看不懂你在縮什麼,8
所以,3
台灣就那麼小 一日生活圈 擴散很快 加上一堆北七都被洗腦 確診是輕症 也沒人在注意了,8
為什麼他要一直預言,8
只是某指揮官好像做不到,8
問到突破欸,3
每天五萬人，連續一百天，這有五百萬人了，也不是沒可能的事,8
烏鴉嘴阿北,4
先知,5
騙人的吧,8
都玩不就好了,8
卡前排,3
輸贏,8
噁男,4
這速度也太扯,5
我不信仰任何政治人物,8
我只信仰民主,3
勇者,5
是無懈可擊的論點,5
應該說賤畜,4
當狗罵又怎樣？至少狗還聽得懂人話，至於那些連人話都聽不懂的高官們就...？,8
 有做的事不會承擔，只會時空背景不同之術,8
狗也是有尊嚴的好嗎,8
笑死 電燈泡你連狗狗都不如 狗狗起碼會忠誠,8
我的認知是自由是建立在不侵犯他人的權利之上,8
可是賤種一直在侵犯我們 但只有牠們自由,8
能随便侵犯他人權利的自由算個屁的自由,8
自由不代表你可以為所欲為 而是代表你不用身不由己,7
啥？？？ 不好意思太神邏輯了,8
笑死 有夠中二,8
自由不是無法無天，是遵循著自己的規則而活,3
水很深,8
台灣學校到底在教什麼啊,3
55555555,1
 耍白癡,4
禿,8
一刀殺進去,8
領域展開???,3
真的假的,3
哇靠有刀啊,3
cap好像吸毒,8
牙寧本人,5
黑武士,3
綜藝戰隊,8
史上最強動粉,5
好像痘痘先生,2
一刀流湯,3
好滑好嫩,5
力量人,3
開犽凝開砍,2
歐洲動粉,2
垃圾羅技,4
暴雷,9
帥到,5
 台主帶頭暴雷,8
偷摸,8
哥哥有機會出場吧,3
caps開扁,5
為什麼配樂都那麼死人,8
要去找韓國老婆了沒？,3
盤口快開阿 ,3
CAPS真的很強,5
好帥,5
sup搞自閉,8
送終音樂,8
兇,8
輔助長的好甲,8
真的一臉甲,8
 這音樂是有人死了是不是,8
請問g2亞洲分部是瘋狗娛樂嗎 ,8
C8,4
好正\\,5
好漂亮,5
老爸很會喔,5
有夠像西索米,3
NMSL,4
哭了,1
開噴,8
下去囉,8
討論怎麼0-4,8
被打到失智==,8
加油打氣,5
定存局,3
買機票回家,8
 各位準備好 回家了嘛 記得把飯店能搜括的東西 全拿走,8
再輸就代購,8
討論晚餐吃啥嗎,3
失智 ,4
今年的歌真的好難聽 ,8
 這什麼鬼歌,8
一堆中國腦攤,4
壓力山大,9
最強組合,5
放大招,3
海嘯了,3
絕活了嗎,3
水鬼,4
兩個字 大中計,1
獎勵一把,5
開秀一把,5
非常好,5
 感覺G2想要故意送一局,3
歹勢？,8
好了啦跳針豬,8
好了啦,3
 你沒有哥哥==,8
到讚國動,3
拍謝不是對不起,8
統神是誰 國動是誰,8
學,3
確實,6
拍個屁 又沒領錢,8
發病,8
你會阿,8
本人,6
7414,4
可能阿,6
有,6
別提到前哥哥好嗎 ,8
 國勳太瓜張了吧,0
你這麼情緒化,8
繼續講要被告了,8
現在不是了,7
是前哥哥,8
免費欸 幫你拍欸 靠北喔,8
陌生人,1
背骨仔 傻逼國動 ,4
 都符合你的人設阿,8
0,7
不是,7
笑死 你的觀眾真的是白爛,8
宅必了,4
阿行之聲哩,3
異世界性愛社團,3
看你媽機掰,4
 魯蛇,4
好了啦動粉,8
豬嚎,4
異世界的豬 ,4
從今以後沒有哥哥的阿統,8
可悲,4
大概是這樣啦,3
 你又不敢道歉,8
少一個哥哥也不會怎樣,8
打豬臉,4
全部,3
豬叫,4
腦完羞了嗎,8
跳完針了嗎 ,8
好了啦,8
檢舉他,8
偷看,8
告他,8
呱呱,8
陌生人,1
版權泡,8
中毒,8
蒐證,3
 真的看不出來,6
真的,6
被哥哥電爆,8
挖礦,1
好了拉 再講你老哥也不會回來,8
做好你自己的事情 別再管其他人了,8
糖尿人，我的超人,5
認輸==,8
 學,8
好了拉 何必呢 ,8
你不是說你不可能輸任何人,8
發病==,4
燒給妳了,8
神安安,3
阿航 你還愛國勳嗎? ,3
你老是愛扯邏輯，但你自己就最沒邏輯的,8
販毒狗的狗,4
佛心公司,3
你還把他噴到離職,8
整天被釣,8
背骨仔,4
傻逼國動,4
今天有阿舟之聲嗎,3
昏過去了,8
垃圾香港人,4
你聽不懂耶,8
二師兄救救我啊,9
他要讓你賺阿,8
丁特跟你 國棟跟椅子阿,8
夫婦確實噁心,4
又在情勒,8
他們本來就是跟丁特阿,3
顯靈啦,9
養活自己跟愛錢有啥關係,7
那就沒有你了欸,8
再戰一次,3
講得好,5
你好可憐,8
公道伯,8
懂不懂感恩,8
講話要負責為什麼要講話,8
可憐 滑坡理論,8
香港人被動技能就是自私勢利,8
早就講了,8
檔案增加中,3
跟你依樣不負責阿,8
幹嘛要講公道話,8
人家評論就正常評論啊,8
開噴,3
少一個哥哥也沒差啦,8
走到最後誰輸誰贏還不知道,7
說了你也不聽阿,8
你沒聽懂欸 ,8
為了哥哥氣到失眠,1
 做作效果 開開玩笑,8
臭,8
放屁 妳拍片那個死樣子 騙鬼喔,4
何錯之有,8
這樣就臭?,8
從不檢討自己,8
眾叛親離,8
你又沒錯了,8
做高自己喔,8
阿所以怎麼都跑光?,8
 悲哀阿,1
你很爛認清事實,8
走心,8
 不然人都跑去哪,8
吃到飽,2
快倒了,8
道德制高點,8
早餐吃到飽,2
沒梗豬,4
錢不夠多 當然走,8
因為你把他踢掉啦,8
你就是阿,8
問你啊,8
別生氣啦阿行,5
你真的不會吵架,8
確實 白癡,4
 跳針模式開啟 ,8
做做效果拉,8
那些都是氣話 不算數拉,8
是被你版權炮了嗎,3
好多動粉來喔,3
又有理由了,8
有證據還在雙標,8
邏輯在哪裡?,8
跳針預備,8
永遠有一堆理由就你自己問題一堆,8
 就想踢人啊偷換概念,8
這次你輸了,3
 說說而已,3
倒果為因,8
你自己要爆氣的阿,8
開始合理化賴皮豬,8
你爆氣阿,8
看完阿幹,4
 惡意剪輯,4
 媽的,4
和好啦,5
不是啦,7
自己打自己臉,8
 都不是,7
好了拉巨嬰死不承認自己有錯,4
操你嘛逼,4
又有點問題,8
百口莫辯,8
有點問題,8
生氣,0
在聊天室跳繩,8
這個影片裡面的人在黑你,8
被自己打臉,8
抓到,8
別再亂拉了,8
有問題 就是剪接,8
就會阿,3
剛剛才亂講,8
好了啦，又再偷換概念,8
 自己一直換概念,8
清潔66,2
知道就好廢物,4
有夠爛 ,4
一直都是,3
要講幾次,8
在幹,8
都來不及了,1
太神啦,5
好了啦 管好你自己,8
 晨晨勒,3
太肥拉,1
永雙亂交,8
金牛就固執 可撥,4
金牛很顧家,5
駕駛員被康特,8
叔叔晚安,3
哭阿,1
金牛錢多 所以有條件機掰,4
幹 還沒2分鐘,8
笑死有夠爛,8
皮,8
可撥,8
瘋狂一點 寶貝,8
虧我還下注在你身上,8
太衝了啦,5
菜,4
改成這樣前期超爛,1
可惡 差一點,1
駕駛員的操作加一加阿,8
用心玩,8
 送慢點,8
 胖叔叔加油!!!,5
 直接搞爛 超爽,8
史丹利的蠻王好強啊,8
操作者的問題,8
這駕駛員太讓我失望了,8
乖乖吃兵等吸奶,8
操盤,8
 淦 剛好壓線,1
他1等爆擊兩下 誰會贏啦,8
蠻族互打,3
前幾天打蟾蜍也是被爆打,8
再死一次就可以,8
加油啊,5
世紀冠軍?,8
一刀爆擊,2
一等廢物,4
總之 謝囉,3
胖叔叔勇往直前吧!!!,2
時代變了胖叔叔,8
馬上破產...,1
 藉口一堆,4
被康特了,1
遊戲結束,8
他好會爆擊,9
先農,3
今天要當紅紅幫嗎,3
康特又吸奶,1
要是蘭林漢的話,8
補血還不吃,8
上路結束了,8
等著被塔殺,8
不吃藥,8
丹利 你好棒,5
好險 差點,2
打野都不上來,8
賺,5
虧,8
極致痛痛痛,1
你炸了ㄟ,3
這波還行,5
你專打垃圾,8
小反假伺候,3
哭啊-1000,1
好好當個公安,8
今晚粉紅到底!!!!!!!,2
才一次什麽一直...,8
他來幫你吃兵,8
才第一次就說來幾次,8
還是玩糖豆之嶺好了,8
極致物防路線,3
下幾次粉紅幫都大賺,8
狂戰士不狂玩個寂寞阿,8
布甲鞋先感覺會比較能扛?,3
他有點燃,3
 他真的好扯 一直爆,1
活活尻死,3
他就滿怒阿,8
什麼水平,8
天啊 不忍直視,8
怕就輸了,8
別怨天尤人,8
15,3
我才不是史黑 哭阿,1
歐洲人每下都爆及,2
我是史灰,3
細節,5
笑話塔殺,8
兩邊都一樣爛,8
被溜,8
繞圈圈遊戲,3
 智商壓制,5
 繞塔打法,3
塔下站神賽到了,8
歐拉夫有改什麼嗎,3
時間不等你的,1
 胖若兩人,4
蒿吐露斯,2
這比234還無腦ㄟ,1
看來是休息太多 退步了,8
 不是直接封印嗎,3
不好說,3
你說的太多ㄌ,3
三項之力 尻起來,3
胖子好強,5
 還需要孤兒戰槌,5
甲,8
我來看你機掰的,3
我也愛你啊叔叔,2
因為你夠g8才看,3
 晚上好啊~機掰的胖子,3
運氣真差,1
 結束了,1
 跟你平常一樣阿,8
溫和小史?,8
你才打不贏人家 ==,8
感覺有了,2
又是公安局⋯,8
 帶光頓 當狼人在玩,8
又要死了,4
口是心非,4
屁孩在看的= =,8
下注囉 ,3
超無聊 沒流量 在那邊吵,4
打野 是不是忘了看小地圖,8
九分鐘被打到高地塔,8
好慘,8
蠻王比你還狂戰,8
滿裝了,8
史黑閉嘴,4
直通高地,2
好多紅寶石,3
住上不會贏,3
今天可以不爆氣嗎,8
爽吃皮,2
肥囉,2
 哭啊廣告,1
丹利有腳臭嗎,3
只會往前,8
有星蝕嗎?,3
跟你一樣，只會往前,8
出冰心啊,5
習慣叔叔居然不是蠻王,1
誰才是史丹利,3
 開送,4
逛街,8
 沒隊友,0
 剪頭髮,3
還是破船歐拉夫,3
請問瘦了還能表演貪婪之壺嗎,8
叔叔是不是瘦了,3
煉金罐,3
上野連勳,3
64,8
煉金罐可以加速,3
神秘數字,3
整場黏著蠻王= =,8
決勝點,3
胖叔叔喜歡打阿福嗎,3
各差一顆頭,3
鬼之開盤,5
謝謝~~,5
水,5
史黑狗快死,4
人紅小白多,8
公安大史,8
喔一夕,5
被發財,8
出吸血看看,5
不站前面擋鉤,8
有人在戳,8
 笑死 隊友真不錯,8
黑白那個耍費吧,8
出渴血吧,5
好像蠻有料的,5
上路無關勝負,3
救贖,5
感覺妳往後排衝比較好,5
沒洗澡,4
超扛狂戰士,8
 你下一件要出啥,3
好菜喔,4
好帥,5
要出死舞,5
勝負盤,3
定存囉,3
 可悲,4
住到爽,0
連體嬰,4
 對面住上會贏嗎,3
涼了,3
好陰險喔,4
不給吃砲車 真狠,5
到底蹲多久了,3
高速吸奶,8
還是要帶閃,5
躺好,8
誰叫你要收工作證= =,8
扣鬼步,8
隊友不公安，公安就是你 ,4
無情送頭,4
單殺,3
對面肥拉~~,8
 直接打成智障,8
沒兵了,3
沒心態了 兵都不想吃,8
單利不說話了,8
下路肥了贏了,5
隊友好凱瑞,5
 胖叔叔你好爛,4
躺到後期就是你的了,8
聽牌,2
確實,6
好意的提醒,5
氣氛 一下嘛,3
水喔,5
屌虐 ,5
沒點燃怎麼打他,8
怪怪的,8
塔龍就在旁邊的此發呆,8
鬼步外送不錯,8
這劍魔好強,5
感覺征服者有機會吸起來吧,5
降治療要出吧,5
廢到笑⋯,8
哭阿 討戰失敗,3
人家又沒點你,8
他出降治療好狠,6
隊友太神拉,5
融化,3
無情雙殺,5
 點了吧沒意思,3
 撐硬等後期???,3
上路是公安吧,8
好慘阿胖子,8
你耍廢你隊友就站起來了,3
 該出坦了吧,3
現在在數一次可以嗎,8
曾經的菁英 怎麼在在下面了,8
又舔,3
你還跑去算喔= =,8
跟你哥一樣愛做高自己,8
幾次很重要嗎,8
軟糖人 我的超人,5
三點半是什麼開打,3
軟糖哥好有料,5
大家冷靜==,3
​阿傑我家剛才有飛碟飛過去了,3
阿傑看好字母哥嗎,3
當然知道沒有看法 要看有料的都去阿發了,8
你做的操作我們都不要做,8
一起看,2
字母哥等一下要打人還是打球？,8
開直播一起看,2
阿傑今晚飆幾分了？,3
​又不沾,8
衝擊傳奇,5
鬼東比你有料,3
工殺小阿,2
金牌,3
植物,3
全面開戰,3
 字先打好,3
這女的太瓜張了吧,8
笑死,3
對面圖奇一等點爆毒?,8
苦來哥好了拉,8
 作文時間,8
水滴起手還想贏?,8
氣氛對了 這就是我要的,5
看不到啦,3
學哥哥= =,3
 看統神這麼可憐我都不敢嘴了,8
你哥哥當初也是這樣想,8
大談貓咪,8
等等玩一場阿,5
三小,0
又在臭,8
 尾,8
不需要你,8
對面吃去搶算不算啊？？,3
知道國棟的感覺了嗎,8
滿裝,3
赤腳大仙,8
怎麼還在玩這白癡遊戲,8
​ 選新角會不會好點,3
傳奇 我今天確診 請問是你傳染的嗎,3
下一把,3
你是誰 怎那麼有禮貌,8
誇獎?,8
爛死,4
貓咪問題,3
他又沒大,7
欸你過來一下,3
 黃金教學,8
你又要怪隊友了,8
有人教你打嗎?,3
道歉,7
自己沒問題 ,8
買鞋好嗎 低能豬,4
演員,3
豬男逛街,4
沒看過你凱莎贏過,8
不算,7
觀戰,3
 隊友送三小,4
你是迷路了?,8
有貓怕三小,4
 可以問一下阿航現在甚麼牌嗎,3
有人在臭耶,3
看戲仔,4
合理,6
阿航不可能有問題的,8
群沒操作的白癡,4
到底在出什麼大便裝,4
太神啦,5
你很肥了,4
左下很肥,4
宅男愛正妹,3
感覺統神有變瘦,5
控制狂?,3
打字阿,3
你也知道自己沒用?,4
不想跟你講話= =,4
又想躺,4
 貓貓豬豬大冒險,4
這樣誰知道 笑死,8
不敢噴?,8
 負重,8
扣大,8
幹你娘,4
繼續扣,8
分奴,4
女人就是這樣,8
打了,3
不算,7
算吧 有碰到,6
沒辦法,8
你這站的位置 死了也正常,8
隊在窄口斗來斗去被開 可憐,8
 操 這樣也算?,8
無敵熊怪,5
熊怪跟鬼一樣,5
好猛喔 福利熊,5
自己案否,8
你有抽電子菸嗎,3
破產,1
最好是他有想吃,8
幹 賭盤又輸,3
 垃圾夫妻,4
不要這麼生氣,5
白給,8
老鼠打得贏豬?,8
個老鼠一個黑鬼,3
我很強 我可以,8
這是統神新帳嗎,3
喜爽沒= =,8
你們一堆軟皮怎麼打,7
死人場,8
你魔切怎麼還沒好,8
問你啊,38
豬王,4
乾你屁事,4
躺好躺滿,8
死人指揮三小 ,4
躺神,8
冷血豬,4
自私豬= ,4
你的假設不存在,8
聽你的全死 ,8
哥葛晚上好,3
阿熊,3
一屍兩命,8
好爛喔肥豬,4
又在學梗了,8
走那什麼白癡位置,4
高歌離席,3
 用臉探草,8
貓咪一定得賣這個喜憨兒,8
你到底有什麼用,8
一豬一命,4
隊友開的乾他屁事,7
就你一直靠杯,8
你在叫說吃龍的,8
你不會更新,8
顧左右而言他,8
左下溫泉指揮官,4
跳針,4
先被抓的還敢哭么,4
乞丐,4
垃圾吃甚麼紅==,4
 外掛,4
廢物拿紅,4
 有摟,3
大談,8
重製?,8
稱讚?,7
 龍女要輸出又要坦,8
藍藍幫的逆襲,3
要出神話了沒,8
山羌,3
館長,3
臭阿管,8
開直播 傳承我的意志,8
不需要你,8
逆轉囉,3
只有低端才會這樣逆轉,8
你根本沒參與到 = =,8
關你屁事,8
黑色奇跡,3
貓咪找到獲勝密碼,5
金牌奇蹟,3
低端場的象徵,8
沒你的事也敢說嘴,8
好有梗喔,8
好普通,8
天財地寶黑色奇蹟,3
預判,5
賣隊友,8
黑棘皮,4
排毒,6
祭品,3
踢掉對的人了 ,6
老鼠沒往後打,8
重返菁英嗎,8
被偷啦,8
吵起來,3
事後諸葛,8
他全坦輸出跟你差不多欸,8
雜種,4
比坦克還低傷害,8
動粉==,3
統粉見面會,3
阿統瘦了欸,5
掰掰,3
對面氣氛真好,8
又是垃圾動粉,4
龍女統粉,4
背莿仔,4
沒有你,8
好了啦趕快下一場,8
 金牌場也在檢討,8
贏了就大談,8
 請假拉幹,5
盛情難卻,8
又不是你帶的 工三小,4
不要上課啦,5
打爐石吧,3
休息前先臭一下哥哥啊,5
不談心一下嗎,3
幼稚園請假了啦,3
情況不同啦,8
睡前可以高哥一曲嗎？,3
沒品,4
無恥,4
在一把阿,5
已經講很多次了,7
這是道歉的態度?,8
又不道歉,4
噁心豬,4
幹拎良嗆殺小,4
阿航你認為你從不失言嗎,7
豬腳,4
 雙標,4
懷疑就不用道歉喔,4
性騷擾,8
滷蛋,8
等等被操盤,9
又別人了喔,8
畜牲永不道歉,4
知道就好,8
污衊別人不道歉？？？？,8
知道就好知道就好,8
大頭胖,4
走過去就臭了,8
燒給你,8
陌生人,4
販毒粉?,4
娘炮才晚安,8
 多一個朋友,5
統神我愛你,5
五萬貴到哭事件,8
曖昧,8
統神實況界清流,5
他就垃圾,4
好啦晚安了,3
阿傑今天要開到幾點呢？,3
不該盜壘,7
打帶跑阿,5
亂講,7
要衝撞了,3
超壞的,8
 氣氛對了,3
又是花蓮美食,8
草鞋王,8
金牌大談 草鞋流,88
廢人,4
空大,8
空射,8
你會啊,3
跟你一樣,8
真的假的,7
我要力量人,3
收割,2
學你,8
推快點= =,3
不敢?,8
看出來了,3
他沒差惹,3
完蛋了,1
又在奶,8
這樣有比較快嗎？,8
這邊這樣反而慢,8
老想偷,8
又贏了,2
沒啦,1
收錢收錢,2
我的相信~~~,1
請開始你的解釋,3
慢成白癡,4
子供向,3
 好多,3
跑路,3
先幫他拉賠率,3
小孩都會玩,8
出來,3
 我還以為要換人上場了,3
跑路了,3
有事暫離,3
睡不著了,1
你在搞,8
要怪就怪水管,8
等等可以信任嗎,3
他確實後悔,1
他會發大財,2
太慢跑,8
後悔太晚跑,8
他已經跳了,1
拜託你帶水,5
好像穩喔,5
射爛,5
有喔,5
燈燈燈,3
 好極限,9
差點,9
壓秒,9
精算之鬼耶,5
壓哨球,5
果然被盯上很慘,9
 可惡,1
藍藍幫從不搖擺,3
心臟快承受不住 ,9
購物中心,8
購物專家,8
失眠,1
升級武器了嗎,3
任天藏,8
世界末日的購物中心,3
轟狂挖礦,3
疑心病,8
還睡,8
在睡阿,8
騙到你囉,2
睡不著了,1
 在這邊小歇,3
 睡覺錯了嗎,3
太壞了,8
就沒有齁,3
任天藏真的很會玩心理戰,3
不可磨滅的心理創傷,1
鐵門,3
你心裡有鬼,8
這關蠻好玩的,2
就是這麼粗心,8
聽到聲音了,3
有機會再玩一次,5
伏筆,3
問就是會,3
在那叫什麼,4
再刷一次,5
睡得著了,2
細心,5
 猩猩,3
有夠疑心,8
蓋倫單跳悟空,3
無傷,3
失言,8
茶水表,8
粗暴的言論,8
時鐘有問題,8
好吃,2
 吃,3
把時鐘拉下來吧,3
鎚子呢,3
你就繼續睡,8
下一輪再見,8
佛,5
破了,3
倒台,1
時鐘下台,8
吹爆的言論,3
好可愛,5
掉爽沒,8
胖達人不行了,8
搶別人點心,8
換位置,3
好壞,8
動保 ,3
子供向,3
餐廳吃東西還被扁,3
這個要怎麼不解到過,3
還有嗎,3
誰知道啦 ,0
請用彎刀,5
你用劍,3
彎刀式迴旋鏢,3
你用劍好嗎,7
 丟飛刀的,3
彎刀是西維爾,3
那看起來像彎刀嗎,7
請你速通,5
還是我們去看設計圖,3
你就,3
進化起來,3
大把的,3
 刺,3
電鋸人,3
太兇殘了,9
戰鬥陀螺,3
 嚇死,9
除草機?,3
很灣,3
啥鬼,3
這要殺人了,9
這能算兒童向嗎,3
小朋友都嚇哭了,9
荷包蛋,3
粉紅惡魔 ,3
看起來蠻強的,5
鋸爛,3
給小朋友玩這個,3
虐殺沙袋先生,9
接計,3
攻擊力爆高,5
礦工王,3
巨鎚,3
超痛垂,5
鬼殺,3
中二,8
抓到,3
樸素,3
傷害真高,5
傷害有料,5
攻速有點慢,3
槌子一直集氣會燒掉,3
貼心,5
今天味全確實氣力放盡哦 ,8
老蘇今天有要釣魚嗎,3
 幫主釣過了,3
真的很毒乃,8
卑鄙,4
好色的感覺,3
現在是加班環節嗎,3
無慈悲的攻擊,3
 外掛,8
可以睡了,2
血又快沒了,8
睡得著了,2
快去睡,5
存檔,3
寶藏之路前進,3
看三小,4
請你離開,3
真故意,8
好運姐,3
差點睡不著,1
差點中風,0
看戲喔,8
連這也要龜,8
鎖爛,3
 打假人自慰,8
自慰,3
鎖爛初階電腦,8
也太強了吧,5
槍槍暴頭跟鬼一樣,5
 不開鏡??,8
 暴打機器人,8
垃圾都是你的,8
沒有你的,8
不開箱 撿地板,8
甜蜜糖尿者,8
主播不要開外掛了,8
遲緩兒,4
這反應...,8
撿快一點好不好,8
子彈一大堆是怎樣,8
寶物,3
尋寶豬,4
 給你簡直浪費==,8
各種逛街,8
撿個東西跟遲緩兒一樣 ,8
你拿了也用不到,8
沒命打阿,8
等等一波送,8
馬的逛蝦皮是不是,8
隊友放棄了,8
好大聲= =,0
阿剛剛不是說第一圈沒差= =,8
挑禮物是不是 有夠慢,8
你他媽不帶補的喔,8
 到底在幹嘛,8
叫什麼叫啊,8
飛天豬,4
 智障?,4
飛天豬肉,8
外送分數,8
 麥當勞,3
低能 敢這樣跳==,8
移動寶物,8
通通淘汰,8
白給,8
有人在打呼,3
一波送,8
快遞,8
要你何用,8
歡樂送,8
 送幸福,8
直接歸西,8
寶物好多喔,2
送貨仔 好可悲 ,8
撿完送一波,8
 有夠白癡==,3
這樣太危險飛太遠,8
超肥外送,8
送好送滿,8
下水餃大師,8
 幫忙跑腿,8
落地成盒,8
軍火庫中間,8
外賣一波,8
我真的好不奘喔,0
最爛的那種,8
你是在空投裝備的嗎,8
你是打到累了故意去死的是不是,8
為什麼會倒啊,8
可以刪遊戲了,8
子彈送敵人,8
給我走中間,3
三隻孤郎,3
主播你很會送貨耶,8
這隊友也是邪,8
起碼你確認對面的肥度,8
你是在幫熊貓工商嗎?,8
人家在辛苦工作,0
你在那吹冷氣睡覺打呼,0
剛剛也在期待直接下去,8
新手不適合,8
對你來說 自瞄比較好用,8
你不會用,8
 勃起至尊,8
你用什麼也沒差別了啦,8
 弓箭手開射,3
 你好像機器人,8
 打一整晚還在銅四,8
可以射出兩條龍,3
統神拿啥還不一樣,8
 大概是所有武器裡面唯一不好辨位的武器,3
菜菜,8
滑鏟有領殘障手冊嗎,8
 豬怕高,8
打呼過癮,8
有點像戴氧氣罩吸氣的˙聲音,8
期待,2
會收槍了,5
好吵,0
愈聽愈好笑,2
 你又不會用,8
花生睡得好甜,3
打呼聲,3
別人在工作你在睡覺,0
好躁喔幹,0
畜生的聲音,8
白噪音,3
 女人再生什麼氣,3
 打呼聲是哪招,3
免費送分,8
 聽不到是耳背逆,8
你老婆的打呼聲,3
 粉絲,3
偷鞭屍,8
鞭屍王,8
刷傷害是怎樣啊,8
這麼吵還睡的著,8
 你太爛,4
怪槍,8
你太爛,4
有自救,3
新手禮包誒,3
有進步喔阿航,5
終於殺到人,8
透視,3
這把算最準了耶,8
開舔,8
裝忙結束,8
沒氣了,8
爽阿刺阿,3
 大家都知道,3
豬阿豬阿,8
 舔一舔又能送了,8
沒呼吸了,8
準備送貨囉,8
變大聲了,3
打呼過癮,3
 恢復呼吸了,8
複製氣,3
聊天室好靠杯,4
又活過來了,8
誰的打呼聲啊,3
又在拿槍跑,8
 這打呼聲跟我前女友有的比,8
花生睡覺的樣子好美,8
在複製器,3
柴犬在空投,3
你又知道,8
妳女友也是煙鬼嗎,8
 電宰豬,4
阿航你打呼會不會也那麼吵 ,3
溝通欸,3
 龍騎士,3
椅子要報拉,8
幹嘛拿這把廢槍,8
團藏,3
太遠,3
被黃囉,8
鎖爛空氣,8
報位啦阿行,8
 一發沒中,8
對面也是夠爛,8
又在裝忙,8
太扯吧 全空,8
終於賽到了==,8
今天很勇喔,5
 轉換者好猛喔,5
加大分了,2
快打胰島素,5
趕快補狀態拉,5
還不去換甲 夠北七,8
不換甲也是天才,8
阿航打槍的樣子好可愛哦,5
連醫療箱都要客家,8
戳豬你找到新歡,8
太電了,3
 反正都送,8
其實可以,6
那你去啊,8
 貪心豬,4
你以為這是撿屍遊戲喔？,8
 但你還是聽話了,8
超客家,8
舔了你就輸了,8
就你玩最爛,8
那就去啊,5
金紙,3
那你幹嘛不舔,8
尋寶遊戲,3
 金紙不給舔,8
你要撿你自己撿阿,8
不敢做決定就別在那靠北,4
機掰,4
回去阿,3
你自己愛聽,8
叫什麼叫,4
 大發飆,2
沒子彈就換槍,5
愛哭又愛跟路,8
 殘障身法,8
繼續打呼,3
一代一代,3
霰彈子彈不撿,8
世界冠軍來也一樣啦,8
到底能不能離開銅牌阿,8
 沒差啦 反正也射不到人,8
咒術派蒙,3
到底在看三小,4
不要刷派蒙,0
 派蒙到哪洗到哪,8
布里悍這幾場狀況都還好,3
味全沒贏過樂天,8
三壘有毒,8
但也不能輕易鬆懈,5
有手續費,3
還有扣稅,3
別賣啦,7
快了,3
早上好,3
 期貨遊戲~,8
又某潭?,8
故意戳的吧,8
只會往前,8
掛機合理,8
 快樂章魚,2
 跳舞訓練,3
一人快樂 四人痛苦,8
直接卡丁丁,3
預言,3
隨機選角模式了沒,3
背刺豬,4
不會,7
告密人,8
被刺,4
杯壁,4
不要,7
賴皮,8
學大爺,8
幹就知道,3
請出衣吊,3
雙面刀鬼,3
勸架,3
笑語,2
告密達人,8
一團亂,3
不要再吵了,0
比賽開始了,3
面子果實 ,8
我沒有四隻手,8
一家四口都在吵,3
要吵去練舞室吵,0
寶貝,3
 好多人喔,3
一堆工地幫,3
黃惡魔,8
幹這些低能兒,4
幹一堆畜生,4
一堆智障統粉再亂,4
 虐童,8
人山人海,3
人數下降中,8
收割,8
甩鍋,8
可以關,8
垃圾時間,8
豬腳,8
 垃圾時刻,8
主角走了,1
 自殺,8
解散囉各位,8
幹你娘一群垃圾,4
換寵物豬上播,8
騎土狂熱,3
要滾快滾,8
豬儒,4
 可以收工拉,2
今天心死,1
吐了,3
這你敢玩,7
 請問今天戰況如何,3
 頭有點暈,3
今天真的慘,1
我先跳了,1
占卜有點準耶,6
綠世界,3
大便人,8
有毒,8
發病,4
 痛風,8
沒哥哥了啦,8
 噁心死了,4
要生了,8
實況拉屎,8
肚子好痛喔,3
椅子開台 ,3
開賭了,3
 慘叫聲,9
殺豬聲 ,4
靠邀烙賽豬,4
對面盧那,9
超大聲,4
靠杯,4
誰敢下粉紅幫,8
好臭,8
這屁聲很可以,8
太快截止了啦,0
屁味,3
轟炸,3
對面選超快,5
肥料人,4
馬桶炸爛,9
放屁豬,4
 好可憐的馬桶,1
這我在屏東聽過,3
乾超臭,8
拉屎豬,4
記得洗手,5
輔助大嘴,3
幫我開直播,8
色情,8
傳承我的精神,5
小孩出來了,8
再吃啊,8
笑死跳了,2
馬桶爆破,8
有分奴,0
屎王,4
 可悲分奴,4
 跳沙小 ,4
 這是銅牌場嗎,8
國動台現在一言堂,8
好不容易撞到統神,1
回來了,3
喘息,3
我正在吃晚餐,3
晨陳今天有開玩嗎,3
玩完了,3
椅子哥,3
椅子幫按,3
洗屁眼,8
沒洗手,8
單親家庭,8
超級賽豬,8
豬嘯天,8
豬肛裂,8
路西派蒙,3
幹地震,9
怎沒聲音了,3
卡晨哥,3
要賺翻了= =,2
人數一直掉,8
薛海,2
死在廁所了,8
靠杯打手遊,8
差一分鐘,1
海嘯,3
洗的爽嗎,8
觘你媽垃圾,4
怎麼跟昨天衣服一樣,8
故意的,8
喘三小,4
阿航打公會王,3
嗎的大便混時數,8
 今天誰睡公園,8
怕,9
出事了,1
 這關有機會,5
有機會,5
都有休息點,2
不能走了,1
作者好貼心,5
心魔,9
感覺可以,5
這邊過了就過了,5
快過了,5
沒設秒數,8
小拇指,3
不要太早回來,8
怪怪的,8
請問現在刷幾次過幾關了,3
怎麼洗完澡回來只剩9命,8
 老想偷,8
遊戲開始,3
心魔,9
太難了吧,9
越來越難,9
逼死人,0
認賠,8
這個難,9
難的來了,9
今天超凶,0
 好像很有機會欸,5
今天進度很快耶,5
自動送頭,8
 跑速感覺要調,5
自動扣命關,8
不對勁喔,8
全自動送頭,8
準,5
這個炮在搞,0
太詭異了,9
 送分題,2
今日運勢,3
不能放過,5
他不射,8
壞掉,8
怎麼沒出來,3
空炮,8
爛砲兵,4
故障,1
還有不射的,3
 砲呢,3
 藍藍幫人沒了,8
 進洞,8
今天車速好快,9
 要是再多幾命,8
大腳,3
今天半小時耶 好快,8
解謎,3
 懂了,2
烏龜不拿,3
好想玩 但沒命,1
 很忙耶,8
懂了,2
 沒時間想,9
你沒有那個命,8
要命,8
 夭壽,0
至少要刷完,5
倒數,3
 惡夢,8
太高了吧,3
黑花,3
要多難,0
跳過去就過了,5
今天太慘了,1
 刷爛了,8
聲音必切,3
阿土,3
兩人配合,3
這作者到底想怎樣,0
挖靠還有水,1
有時間壓力,9
刷完,5
不能浪費吧,7
雙命懸,8
 剩最後一刷囉,8
龜殼,3
空中接力,3
安心上路,8
可以玩的關卡,2
慢慢套,8
有想法,5
就這,8
有趣,2
不可能這麼衰吧,1
 有一就有二,8
神之怒,0
 神說謊 ,8
講話小心點,8
不相信作者,8
不看提示,8
跳太遠,3
這個很有創意耶,5
不能放棄,5
花田一路,8
慢了,8
緊張,9
無情逼車,9
真的很刺激,2
下一個套旗要到了,8
這關做的不錯,5
今天少數能玩的,2
猶豫,8
沒有問題,6
相當好,5
要來抓詐賭了,8
救護車來了,3
 自己不好,8
套爛警報,8
玩了就不能白死,8
 不是不行 ,6
 是你不行,8
 畫風,3
畫風突變,3
難度提升,3
腳麻,8
發呆,8
當場笑死,2
 心態,3
每次奶完都,8
飛蛾撲火,8
有人在搞,8
歐印,5
 說了三次沒問題,6
那個跳真的是,0
今天好像不太行,8
高速向下,8
 佛關都被套爛了,8
這比卷軸關刺激,2
這關30命,8
 撐住阿,5
節奏,3
最後了,3
 騙,8
這裡好難,1
不照他的節奏不行,8
 快過了,5
 這邊還有配合時機,3
還行啦,6
兩個韓援是來送的嗎,8
叫雞,3
​瑞空不反開,7
你農我農,8
賺翻了,2
癢起來,8
輔助在戳吧,3
想家了,1
輔助真的離譜,8
小虎的小孩發威了,8
有預示著賺,2
很明顯溝通有問題呀,8
​台空氣,3
​港仔又在戳,8
​離譜超搞,8
​輔助戰犯,8
又是港仔在戳,8
好無聊的比賽,8
兩顆晶球就穩了,2
離譜,8
拜託游回來吧,8
輸了一半,3
中野別再搞了好嗎,8
菜雞互啄場,8
上塔,3
農就好,5
慢性死亡,8
這是劉備他爹,3
爛死了,4
​前三又對面,3
為什麼劉備會刷輸達摩,8
​葛農夫,8
下去丟臉,8
媽寶自己要走的,3
​建設,3
鐵牌場,8
中路逛街,8
輔助醒了,3
​又靠港仔,3
這到底甚麼糞野,4
真的好菜,8
幹得好欸,8
​又再送,8
銀牌中路,8
可憐啊,8
種田局,8
拿龍阿,3
​錢飛了幹,0
中野連洞,8
這中路假賽八,8
​ 可惜火龍打得好,1
​中單在幹嘛,8
換一個中路,8
​這中路真的牛逼,8
每次都這垃圾中路在搞欸,4
不要再雷火龍了 ,8
打野拚重沒贏過,8
掰掰典藏罐,1
水貨中野,4
火龍我大哥,5
龍哥我的超人,5
彭哥生氣了,0
中野有洞阿,8
空大,8
兇起來,0
火龍表示哭啊死戳仔,0
彭哥超兇,0
快被中野氣死,0
阿璃在逛街喔,8
中野不想贏,8
今年一定比去年強 ,8
​拿龍阿,0
​真的不是台灣人的問題欸,8
中野可不可爭氣點阿,8
中路好撮喔,8
經濟沒落後很多,5
但陣容落後很多啊,8
水鬼隊正常發揮,8
​還沒有大啦,3
中路又搞事,8
​放過火龍拜託,8
​大了個寂寞,8
輔助根本沒大,3
火龍腿斷了,1
晶球穩了,2
還我罐罐,1
​沒大啦,3
​大刀一砍,3
水鬼賽區下去,8
該重賽了吧,8
超癢的,8
火龍哥好可憐,1
強度跟去年差好多,1
讚啦晶球更進一步,2
花香蕉的錢只能請猴子,8
花香蕉的錢只能請猴子,8
​請個韓援來雷,8
​改買春天好了,8
這中路買分的是不是,8
​假韓援,8
​彎彎代購囉,8
被虐菜嚕,8
​韓援玩得尷尬,8
​火龍可以掛網了,8
精神勝利法,3
真的爛到哭,8
​沒怒,3
要開趕快果斷一點不然要看著家裡爆掉嚕,8
輸點數啦 ,1
等級差這麼多,8
​趕快投,8
爽啦有晶球,2
沒視野,3
賽區可以直接讓給越南了,8
可惜了火龍,1
 風怒輝,3
先破嘲諷 然後揮爛,3
這把沒寶石 ,1
頂得穿他嗎 ,3
豬豬幫,3
我還是不懂為啥,3
怎麽不壓秒了,8
 不慌真的,3
假裝慌,8
媽寶,4
 冬粉好吃,5
豬肉沒得打,8
每把都打好久,3
少爺,3
天國一揮,8
敷衍,8
吸啦吸啦,3
很大口哦,3
螳螂賣,3
主播沒開冷氣嗎,3
可是你沒風怒了,1
豬肉米粉是在致敬豬肉嗎,8
你的身體很誠實,8
過癮,2
安安,3
冰到下一場,8
傳奇,5
簡單,3
檔次都出來了,5
前傳奇好,8
今天吃炒飯嚎爽哦,2
每次都飛在坦克臉上,8
上海很多食物都被拿去丟掉,8
上海今天有火鍋吃嗎,8
藍方輸了,3
​神即將下凡,3
​今天典藏罐穩了,2
​神之怒啟動,3
​下一場誰打誰,3
中國香港隊,8
又舔嘴唇,8
這首歌真好聽,5
作弊隊的粉絲怎麼又來了,8
​神即將下凡,3
​職業中路,5
​神要開虐了,3
不公平對戰開始,0
打網咖笑死,2
台灣少子化,8
​重賽重賽,8
這場才刺激,2
姑媽覺醒啊,5
​什麼時候換我們羅傳奇上場,3
​墮胎大隊,8
​熱火加油,5
又是作弊戰隊,8
亞軍之爭,8
一直坐著暖機,8
小虎要準備墮起來了,8
最想看的,2
小虎打中路就沒贏過哪個知名中路,8
小虎英靈祭天換勝場,8
如果翻墻的人不能看,8
五個菜雞,4
五把加里歐,5
等小虎被神當狗打,8
​李哥沖壓,5
請支持自國轉播,8
中國病毒隊不要來感染別人也好,8
如果翻墻的人不能看,8
​西台灣,3
月經虎下去,4
小虎英靈祭天換勝場,8
​遺照隊出來了,8
反正輸了就找理由重賽,8
沒細節難怪被懲罰,8
靠媽仔,8
打錯自己投降了,8
打錯直接投,8
 打錯 齒輪,8
少兩張,3
不先丟,7
準備開圖,8
大陸離島怎麼沒飯吃,8
孩子陰間在哭泣,8
港仔雙人組好猛,5
管你是姑媽還是姨媽,8
韓國圖書館,8
​釜山圖書館,8
不敢逮,8
不拼嗎,3
​這把養彭哥,3
暴雷,0
​三分歸元氣,3
還能起舞嗎,3
中路不救,8
插翅也難飛,8
跟預期的一樣,8
中路差距,8
炸彈魔,3
宙斯又要天罰了,8
​感覺撐不過前期耶,9
乾我才看到獵人試驗欸,0
这加里奥有啥用,8
太慢開了,8
空大,8
​飛克面前玩加哩歐,8
​又送 垃圾,8
感謝姑媽的頭,8
姑媽真的是個洞,8
剛剛亂開大的結果,8
​經濟輸那麼多,8
多人開逛,8
 怕爆耶,9
​沒有一場贏線的,8
要贏了嗎,3
​鎖血,3
輔助死爽了嗎,8
宙斯太強了,3
小砲沒功能幹嘛一直選,8
​可惜沒搶到巴龍,1
看得我也緊張起來了,3
守住了奇蹟,5
守住就有機會,5
贏八千 推不上去,8
經濟差太大了吧,3
這把輸嬴要看姑媽給機會,3
​右邊開團強點,3
澎哥出個頭戴吧,5
姑媽再耍費就要輸了,8
殺三小李星,8
有夠雲,8
​開唱夢醒時,3
前期三路都輸,1
運營還是輸,1
緩和一下,3
輔助在幹什麼啊,8
毬果讚,3
不要這麼火爆,0
怂爆,8
會贏慢慢來,5
​逛街,8
​菜雞對決,8
要被窒息營運到死了,8
其實各位選手都很棒,5
四龍沒拿到太可惜,1
前期運營就輸了,8
​開得真好啊,5
香港隊回家嚕,8
隨便開就贏了,3
​自以為會運贏,8
代購回加拉,8
其實打得不錯了,5
怎麼瘋不起來,3
酒桶隨便開就贏了,3
雷文貓咪可以玩,3
​開砍啦,3
右邊嬴了,3
想看雷文開秀,3
​牛皮,5
斷劍,3
不演了,3
​雷文貓跟鬼一樣,5
左邊都沒人 是死了嗎,8
雷文對剪刀妹真的沒看過,3
鬥士配貓咪 上阿,2
雷文本人 無情開剁,5
中國隊下去,8
左邊死光剩遺照,8
​賀寶芙萬歲,2
挖靠好兇,0
​兩邊不閃 對線火拼,3
瘟疫之源炒啥,8
​墮胎又作弊 是我大中國,8
老鼠敢不敢不要改翻譯,8
​雷文不帶閃會戰很難秀,3
連視訊都沒有要不要棄賽,8
虎爺肩膀多一隻小虎,8
​輸贏都作弊,8
​被放閃,1
沒開圖,8
故意假裝沒開圖,8
​大可不必,7
太粗暴,8
粗暴言論,8
無傷換血,3
打倒作弊隊,8
又是艾希,3
小虎真的秀,5
​毫無還手之力,8
​小虎會不會親,8
分身,3
​雙殺,3
單殺 全場歡呼,5
墮胎虎被單殺,8
挖靠中路好強,5
​好猛這傷害判斷,5
​春之虎帝,5
這李星比九漢的強多了,8
分身在雷,3
分身換一個,3
老人,8
其實分身擋到都要死,3
分身明明就可以控制,7
仿身改爛了,1
下忍考试不及格,8
下路輸好多唷,8
這分身不知道買了多少,8
都沒雷文的鏡頭,3
​嘎拉感覺雪球滾起來了,3
飛來飛去,3
輔助很皮欸,8
好菜,8
​皮三小,8
那貓好會喔,5
這兩隊才叫強隊,8
​有點虧,8
這輔助就是多,3
沒物件斷回幹嘛,8
古有孔明空城 今有上海封城,8
​頭破血流,8
疊戒可以賣了,8
​講到重點,3
這個抓人好眼熟,3
下路差距,8
​月老,3
狗才帶虛弱,8
伊澤月老,3
​臭甲,4
紅線畫過深藏輪迴的秘密,3
又是政治小鬼捏,8
沒裝快儲值,8
辱滑了,8
小虎到底,8
​好醜喔 小虎,8
 殭屍,3
簡單,2
那沒救了,8
大楷最愛,3
大楷的敵人,3
有人在施工了,3
技能還能合理省錢,3
全都凶,1
周末之力,3
兇兇幫,0
機台有下的全中,2
還是直接開啟卡比環節,3
今天沒了,8
 負負得正,3
卡比欠債呢,3
今日不宜,8
相信馬創占卜之神,6
剛才是誰在問的,3
那你拜啥,8
 不對勁就迷信,8
變小了欸,3
那你是在拜心酸,8
我命由我不由天,3
挖庫挖庫,2
成熟的笑臉,2
一拳揍非耶,3
成熟,3
幫主要做特訓嗎,3
表現大人的從容,3
剛好有看 ,3
八極拳,3
給幫主看一下,3
特訓一下超屌,5
必殺拳,3
 阿貝戴眼鏡也會跟鴞一樣帥,5
笑爛,2
穩粉,8
開場穩,3
特效攻擊,3
老想偷,8
請你重來,3
回得去嗎,3
鑰匙咧,3
感覺快到了,3
問心酸,8
不迷信,3
彈簧兄,3
消失,3
李氏立場,3
伏筆,3
左邊,3
還要選,8
佛爛欸,2
上面簡單,3
開高,8
左比較檢單,3
世界冠軍,5
好想看右邊,3
世界第一 有料,5
 謝謝飯糰,2
不妙欸,9
可以回頭的,3
無傷,3
老蘇沒料,8
大人的從容,3
耐心,3
很滑啦,3
穩字一出,8
我看妳命也很多喔,8
時間太緊繃,9
傷害感覺有點緊繃,3
直接越石頭越到死,3
他只有限制不能天上而已,3
狗真的在搞,8
腳色本人,5
猴子本人,8
亮你猴子人機一體,8
你長的挺像的,8
很餓怎摸半,3
老邁點沙拉,3
乞丐超人,8
阿怎麼會這樣 ,3
你們聽我解釋,3
演得跟你一模一樣,8
哪天就一次過,8
演技世家,8
親生的,3
該換遊樂園了,3
釣魚不玩了嗎,3
樂高,3
問就是都買,3
夠本了,3
釣魚賺爛,2
讓他玩學齡前遊戲,3
醫生也不當了嗎,3
玩拼圖,3
玩腳踏車,3
 給他做關卡,3
真得可憐 都出不去,1
學習玩具,3
本場重點,3
在基地裡面打遊戲好輕鬆喔,8
表情好輕鬆喔,3
激逗戰歌響起來了,8
到底要空親幾次久久,8
上單該退役了吧,8
感受下韓國圖書館的氛圍,8
魔術方塊,3
 阿貝小時候的玩具呢,3
淘寶什麽都有,3
幾歲能玩劍玉,3
台灣價值,3
差太多了吧,8
挖炒,8
誇張,8
加運費也差不多了,3
 玩具錢賺爛家長,8
很便宜,3
繼續騙沒有關係,8
倒讚搖旗,8
現在掏貨會卡在上海嗎,3
價格超低,3
肯定要的,3
有些台灣人買掏寶蝦皮的放網拍,8
台灣自己賣還超貴,8
新疆棉,3
玩具輸出大國,3
中國去台灣很便宜啦,3
連垃圾菌都台灣賣比較貴了,8
請你自己唱,3
版權進攻,3
要醜了嗎,8
自己喊,3
那是要粉了,3
自己念,3
腿斷了,3
霹靂一閃,3
這版本傑西還能玩,3
拍子怪怪的,8
人馬去打一只坦是怎樣,8
 雙排的是虎下嗎,3
要有音效,3
老蘇是不是忘記有小朋友,8
那是麥克風吧,3
看起來很臭,8
你剛剛聞玻璃杯很猶豫吧,8
味道都飄出來了,8
劉以豪在喊在,3
 還要裝把手喔,3
全部手動,3
